#-------------------------------- areageografica --------------------------------
set @@foreign_key_checks = 0; TRUNCATE TABLE areageografica; set @@foreign_key_checks = 1;

INSERT INTO areageografica(NumRegistrazione, Cap, CoefRischioSismico, CoefRischioIdreogeologico, DataVariazione)
VALUES
		(1, 75014, 0.21, 150, "2000-12-01"),
        (2, 75014, 0.20, 155, "2007-10-01"),
        (1, 56048, 0.02, 12654, "1999-08-11"),
        (1, 56121, 0.15, 1560, "2000-05-20"),
        (2, 56121, 0.13, 1560, "2011-05-20"),
        (1, 56123, 0.19, 890, "2002-03-17"),
        (2, 56123, 0.21, 891, "2012-07-30"),
        (1, 20019, 0.05, 29876, "2000-12-05");
        

    
#-------------------------------- edificio --------------------------------
set @@foreign_key_checks = 0; TRUNCATE TABLE edificio; set @@foreign_key_checks = 1;

INSERT INTO edificio(Identificativo, Comune, Foglio, Particella, Sub, Condizione, Tipologia, AreaGeogNumReg, AreaGeogCap)
VALUES
        ("aaaa1", "Grassano", 6, 3, 1, "esistente", "casa unifamiliare", 1, 75014),
        ("aaaa2", "Grassano", 2, 1, 2, "da realizzare", "condominio", 1, 75014),
        ("aaaa3", "Pisa", 12, 4, 1, "esistente", "appartamento", 1, 56123),
        ("aaaa4", "Pisa", 5, 9, 3, "esistente", "mansarda", 1, 56123),
        ("aaaa5", "Milano", 15, 12, 1, "da realizzare", "monolocale", 1, 20019),
        ("aaaa6", "Milano", 12, 4, 1, "esistente", "appartamento", 1, 20019),
        ("aaaa7", "Grassano", 3, 9, 2, "esistente", "casa unifamiliare", 1, 75014),
        ("aaaa8", "Grassano", 15, 3, 2, "da realizzare", "condominio", 1, 75014),
        ("bbbb1", "Pisa", 3, 9, 1, "esistente", "appartamento", 1, 56123),
        ("bbbb2", "Grassano", 26, 4, 3, "esistente", "casa unifamiliare", 1, 75014),
        ("aaaa9", "Volterra", 12, 11, 2, "esistente", "condominio", 1, 56048),
        ("cccc7", "Pisa", 30, 4, 2, "esistente", "appartamento", 1, 56123),
        ("dddd6", "Grassano", 5, 6, 3, "esistente", "casa unifamiliare", 1, 75014),
        ("dddd1", "Grassano", 8, 14, 1, "da realizzare", "condominio", 1, 75014),
        ("dddd3", "Pisa", 31, 8, 3, "esistente", "appartamento", 1, 56121);
        
        
        
#-------------------------------- pianta --------------------------------
set @@foreign_key_checks = 0; TRUNCATE TABLE pianta; set @@foreign_key_checks = 1;

INSERT INTO pianta(Codice, DimensionePerimetro, TipoPerimetro, Piano, NumeroVani, Edificio)
VALUES
        (78995,  3706, "rettangolare", 1, 5, "cccc7"),
        (78984,  3706, "rettangolare", 2, 6, "cccc7"),
        (56995,  4078, "quadrato",  3, 5, "aaaa1"),
        (76655,  5564, "rettangolare", 7, 7, "aaaa2"),
        (71295,  4975, "rettangolare", 1, 8, "dddd1"),
        (66995,  4396, "rettangolare", 2, 5, "dddd3"),
        (21995,  5112, "rettangolare", 1, 6, "dddd6"),
        (78846,  5236, "rettangolare", 1, 9, "aaaa9"),
        (51395,  5674, "quadrato",  1, 9, "bbbb1"),
        (68495,  4045, "rettangolare", 10, 4, "bbbb2"),
        (78983,  4045, "rettangolare", 2, 5, "bbbb2"),
        (74512,  3996, "rettangolare", 4, 6, "aaaa9"),
        (73295,  3996, "rettangolare", 5, 7, "aaaa9"),
        (76635,  5317, "pentagonale", 2, 8, "aaaa6"),
        (11395,  5536, "quadrato", 2, 8, "aaaa7"),
        (30305,  3677, "rettangolare", 2, 9, "aaaa8"),
        (64195,  3876, "rettangolare", 11, 7, "aaaa4"),
        (78455,  6064, "rettangolare", 5, 7, "aaaa3"),
        (45896,  5963, "rettangolare", 7, 6, "aaaa5");
        
        
        
#-------------------------------- vano --------------------------------
set @@foreign_key_checks = 0; TRUNCATE TABLE vano; set @@foreign_key_checks = 1;

INSERT INTO vano(NumeroVano, Edificio, Piano, Larghezza, Lunghezza, MassimaAltezza)
VALUES
		(1, "aaaa1", 3, 220, 240, 310),
		(2, "aaaa1", 3, 210, 223, 310),
		(3, "aaaa1", 3, 295, 210, 310),
		(1, "aaaa2", 7, 191, 269, 285),
		(2, "aaaa2", 7, 185, 284, 285),
		(3, "aaaa2", 7, 188, 260, 285),
		(4, "aaaa2", 7, 170, 260, 285),
		(1, "aaaa3", 5, 223, 320, 335),
		(2, "aaaa3", 5, 245, 256, 335),
		(3, "aaaa3", 5, 198, 285, 335),
		(1, "aaaa4", 11, 230, 198, 310),
		(2, "aaaa4", 11, 220, 245, 310),
		(3, "aaaa4", 11, 240, 264, 310),
        (1, "aaaa5", 7, 181, 259, 275),
		(2, "aaaa5", 7, 165, 274, 275),
		(3, "aaaa5", 7, 168, 280, 295),
		(4, "aaaa5", 7, 190, 280, 265),
        (1, "aaaa6", 2, 171, 259, 265),
		(2, "aaaa6", 2, 165, 254, 275),
		(3, "aaaa6", 2, 158, 280, 265),
		(4, "aaaa6", 2, 180, 270, 265),
        (1, "aaaa7", 2, 161, 249, 295),
		(2, "aaaa7", 2, 155, 284, 265),
		(3, "aaaa7", 2, 148, 290, 275),
		(4, "aaaa7", 2, 170, 280, 275),
        (1, "aaaa8", 2, 151, 269, 275),
		(2, "aaaa8", 2, 153, 282, 261),
		(3, "aaaa8", 2, 145, 295, 270),
		(4, "aaaa8", 2, 172, 287, 275),
        (1, "aaaa9", 5, 165, 265, 275),
		(2, "aaaa9", 5, 189, 245, 265),
        (3, "aaaa9", 5, 165, 295, 255),
		(1, "bbbb1", 1, 260, 214, 320),
		(2, "bbbb1", 1, 240, 248, 320),
        (1, "bbbb2", 10, 181, 245, 219),
		(2, "bbbb2", 10, 196, 268, 271),
		(3, "bbbb2", 10, 149, 285, 275),
        (1, "dddd3", 2, 210, 230, 270),
		(2, "dddd3", 2, 216, 216, 270),
		(3, "dddd3", 2, 245, 245, 270),
		(4, "dddd3", 2, 231, 263, 270),
		(5, "dddd3", 2, 230, 241, 270),
		(6, "dddd3", 2, 241, 231, 270),
		(7, "dddd3", 2, 251, 221, 270),
        (1, "dddd6", 1, 225, 245, 285),
		(2, "dddd6", 1, 220, 210, 280),
		(3, "dddd6", 1, 220, 255, 280),
        (1, "dddd1", 1, 215, 240, 265),
		(2, "dddd1", 1, 220, 215, 275),
		(3, "dddd1", 1, 230, 265, 285),
		(1, "cccc7", 1, 216, 216, 310),
		(2, "cccc7", 1, 236, 266, 310);



#-------------------------------- funzionalita --------------------------------
set @@foreign_key_checks = 0; TRUNCATE TABLE funzionalita; set @@foreign_key_checks = 1;

INSERT INTO funzionalita (Nome)
VALUES
        ("bagno"),
        ("soggiorno"),
        ("camera da letto"),
        ("cucina"),
        ("cantina"),
        ("sala da pranzo"),
        ("lavanderia"),
        ("ingresso"),
        ("atrio"),
        ("studio"),
        ("corridoio"),
        ("antibagno"),
        ("sgabuzzino");
        


#-------------------------------- tipologia --------------------------------
set @@foreign_key_checks = 0; TRUNCATE TABLE tipologia; set @@foreign_key_checks = 1;

INSERT INTO tipologia(Funzionalita, Vano, Edificio)
VALUES
        ("bagno", 1, "aaaa1"),
        ("soggiorno", 2, "aaaa1"),
        ("cucina", 2, "aaaa1"),
        ("camera da letto", 3, "aaaa1"),
        ("lavanderia", 1, "aaaa2"),
        ("ingresso", 2, "aaaa2"),
        ("cucina", 3, "aaaa2"),
        ("cantina", 4, "aaaa2"),
        ("sala da pranzo", 1, "aaaa3"),
        ("lavanderia", 2, "aaaa3"),
        ("ingresso", 3, "aaaa3"),
        ("sgabuzzino", 1, "aaaa4"),
        ("bagno", 2, "aaaa4"),
        ("cucina", 1, "aaaa5"),
        ("antibagno", 2, "aaaa5"),
        ("studio", 3, "aaaa5"),
        ("camera da letto", 3, "aaaa5"),
        ("lavanderia", 4, "aaaa5"),
        ("sgabuzzino", 1, "aaaa6"),
        ("sala da pranzo", 2, "aaaa6"),
        ("cucina", 3, "aaaa6"),
        ("corridoio", 4, "aaaa6"),
        ("bagno", 1, "aaaa7"),
        ("cantina", 2, "aaaa7"),
        ("lavanderia", 3, "aaaa7"),
        ("camera da letto", 4, "aaaa7"),
        ("cucina", 1, "aaaa8"),
        ("antibagno", 2, "aaaa8"),
        ("studio", 3, "aaaa8"),
        ("sala da pranzo", 4, "aaaa8"),
        ("soggiorno", 1, "aaaa9"),
        ("antibagno", 2, "aaaa9"),
        ("sgabuzzino", 3, "aaaa9"),
        ("cucina", 1, "bbbb1"),
        ("bagno", 2, "bbbb1"),
        ("cucina", 1, "bbbb2"),
        ("cantina", 2, "bbbb2"),
        ("antibagno", 3, "bbbb2"),
        ("sala da pranzo", 1, "dddd1"),
        ("camera da letto", 2, "dddd1"),
        ("cucina", 3, "dddd1"),
        ("cantina", 1, "dddd3"),
        ("soggiorno", 2, "dddd3"),
        ("camera da letto", 3, "dddd3"),
        ("antibagno", 4, "dddd3"),
        ("sgabuzzino", 5, "dddd3"),
        ("atrio", 6, "dddd3"),
        ("ingresso", 7, "dddd3"),
        ("cucina", 1, "dddd6"),
        ("studio", 2, "dddd6"),
        ("soggiorno", 3, "dddd6"),
        ("sala da pranzo", 3, "dddd6"),
        ("camera da letto", 1, "cccc7"),
        ("antibagno", 2, "cccc7"),
        ("lavanderia", 2, "cccc7");
        
      
      
#-------------------------------- finestra --------------------------------
set @@foreign_key_checks = 0; TRUNCATE TABLE finestra; set @@foreign_key_checks = 1;

INSERT INTO finestra(Indice, Vano, Edificio, PuntoCardinale)
VALUES
        (01, 1, "aaaa1", "N"),
        (01, 2, "aaaa1", "NE"),
        (01, 1, "aaaa2", "SE"),
        (02, 2, "aaaa2", "S"),
        (03, 4, "aaaa2", "w"),
        (01, 1, "aaaa3", "S"),
        (01, 2, "aaaa3", "N"),
        (02, 1, "aaaa4", "W"),
        (02, 2, "aaaa4", "E"),
        (01, 1, "bbbb1", "S"),
        (01, 2, "bbbb1", "S"),
        (01, 1, "dddd3", "NW"),
        (02, 2, "dddd3", "S"),
        (03, 4, "dddd3", "S"),
        (04, 5, "dddd3", "SW"),
        (05, 7, "dddd3", "W"),
        (01, 2, "cccc7", "SE");
        
      
      
#-------------------------------- passaggio --------------------------------
set @@foreign_key_checks = 0; TRUNCATE TABLE passaggio; set @@foreign_key_checks = 1;

INSERT INTO passaggio(Vano1, Edificio, Vano2, Tipologia)
VALUES
		(1, "aaaa1", 2, "arco"),
		(3, "aaaa1", 1, "porta scorrevole"),
		(3, "aaaa2", 4, "porta scorrevole"),
		(1, "aaaa3", 2, "porta a soffietto"),
		(1, "aaaa4", 2, "porta scorrevole"),
        (1, "aaaa2", 2, "arco"),
		(2, "aaaa4", 3, "porta a soffietto"),
		(1, "bbbb1", 2, "porta a soffietto");
        
        
        
#-------------------------------- accesso --------------------------------
set @@foreign_key_checks = 0; TRUNCATE TABLE accesso; set @@foreign_key_checks = 1;

INSERT INTO accesso(Identificativo, Classificazione, Larghezza, Lunghezza, CollegamentoEsterno)
VALUES
		("000aaa", "porta", 120, 200, false),
        ("000aab", "porta", 110, 200, false),
        ("000aac", "porta", 120, 210, false),
        ("001aaa", "porta", 110, 195, false),
        ("001aab", "portone", 140, 195, true),
        ("002aaa", "porta", 110, 210, false),
        ("003aaa", "porta", 120, 220, false),
        ("003aab", "porta", 120, 210, false),
        ("003aac", "porta", 130, 215, false),
        ("004aaa", "porta", 110, 220, false),
        ("005aab", "porta", 110, 225, false),
        ("005aac", "portone", 140, 220, true);
INSERT INTO accesso(Identificativo, Classificazione, Larghezza, Lunghezza, PuntoCardinale, CollegamentoEsterno)
VALUES
		("000aa1", "portafinestra", 120, 215, "NE", true),
		("000aa2", "portafinestra", 125, 215, "NE", true),
		("002aa2", "portafinestra", 130, 205, "NE", true),
		("002aa3", "portafinestra", 140, 215, "NE", true);
        
        
        
#-------------------------------- varco --------------------------------
set @@foreign_key_checks = 0; TRUNCATE TABLE varco; set @@foreign_key_checks = 1;

INSERT INTO varco(Vano, Edificio, Accesso)
VALUES
		(2, "aaaa1", "000aaa"),
		(3, "aaaa1", "000aaa"),
		(3, "aaaa2", "000aab"),
		(1, "aaaa4", "000aac"),
		(6, "dddd3", "000aab"),
		(7, "dddd3", "001aab"),
		(3, "dddd3", "001aaa"),
		(5, "dddd3", "001aaa"),
		(1, "cccc7", "002aaa"),
		(2, "cccc7", "002aaa"),
		(3, "aaaa3", "003aaa"),
		(1, "aaaa3", "003aaa"),
		(3, "aaaa1", "000aa1"),
		(1, "bbbb1", "000aa2"),
		(2, "bbbb1", "002aa2"),
		(1, "cccc7", "002aa3"),
		(2, "bbbb1", "005aac");
        
        
        
#-------------------------------- mura --------------------------------
set @@foreign_key_checks = 0; TRUNCATE TABLE mura; set @@foreign_key_checks = 1;

INSERT INTO mura(Codice)
VALUES
		("00000a"),
		("00000b"),
		("00100z");
INSERT INTO mura(Codice, SSI1)
VALUES
		("00400l", 15),
		("00400b", 18),
		("00400c", 20);
INSERT INTO mura(Codice, SSI1, SSI2, SSI3)
VALUES
		("00220a", 15, 10, 12),
        ("00400a", 14, 10, 12),
        ("00500a", 14, 12, 13),
        ("00400p", 14, 14, 12),
        ("00450a", 20, 16, 10),
        ("00100b", 26, 9, 18),
        ("00100c", 25, 12, 14),
        ("00200d", 23, 16, 15),
        ("00200e", 21, 10, 15),
        ("00300a", 25, 10, 10),
        ("00300b", 20, 18, 26),
        ("0070aa", 20, 14, 13),
        ("0070ba", 15, 14, 15),
        ("0070ca", 25, 12, 15),
        ("0070da", 22, 10, 15),
        ("00500z", 14, 10, 15),
        ("00500b", 28, 10, 15),
        ("00600c", 30, 10, 15),
        ("01000a", 25, 16, 14),
        ("01000b", 25, 10, 15),
        ("01000d", 20, 10, 10),
        ("02000a", 15, 10, 13),
        ("03000b", 25, 15, 13),
        ("03000a", 15, 10, 13),
        ("040a0a", 25, 10, 10),
        ("040b0a", 25, 10, 10),
        ("040c0a", 25, 20, 10),
        ("040d0a", 20, 15, 15),
        ("0500da", 25, 15, 20),
        ("0500ea", 20, 10, 20),
        ("0500fa", 25, 15, 15),
        ("0600fa", 25, 15, 10),
        ("10450a", 20, 16, 10),
        ("10100b", 26, 9, 18),
        ("10100c", 25, 12, 14),
        ("10200d", 23, 16, 15),
        ("10200e", 21, 10, 15),
        ("10300a", 25, 10, 10),
        ("10220a", 15, 10, 12),
        ("10400a", 14, 10, 12),
        ("10500a", 14, 12, 13),
        ("10400p", 14, 14, 12),
        ("10300b", 20, 18, 26),
        ("1070aa", 20, 14, 13),
        ("10500b", 28, 10, 15),
        ("10600c", 30, 10, 15),
        ("11000a", 25, 16, 14),
        ("11000b", 25, 10, 15),
        ("11000d", 20, 10, 10),
        ("12000a", 15, 10, 13),
        ("13000b", 25, 15, 13),
        ("1070ba", 15, 14, 15),
        ("1070ca", 25, 12, 15),
        ("1070da", 22, 10, 15),
        ("10500z", 14, 10, 15),
        ("13000a", 15, 10, 13),
        ("140a0a", 25, 10, 10),
        ("140b0a", 25, 10, 10),
        ("140c0a", 25, 20, 10),
        ("140d0a", 20, 15, 15),
        ("1500da", 25, 15, 20),
        ("1500ea", 20, 10, 20),
        ("1500fa", 25, 15, 15),
        ("1600fa", 25, 15, 10);
INSERT INTO mura(Codice, SSI1, SSI2, SSI3, SSI4)
VALUES
		("040t0a", 10, 15, 15, 12),
        ("050yda", 15, 15, 10, 14),
        ("050uea", 10, 10, 10, 15),
        ("050ifa", 10, 15, 15, 10),
        ("050pfa", 15, 15, 10, 10);
        
        

#-------------------------------- demarcazione --------------------------------
set @@foreign_key_checks = 0; TRUNCATE TABLE demarcazione; set @@foreign_key_checks = 1;

INSERT INTO demarcazione(Vano, Edificio, Mura)
VALUES
		(2, "aaaa1", "00000a"),
        (3, "aaaa2", "00000b"),
        (1, "aaaa3", "00100z"),
        (1, "aaaa4", "00400l"),
        (1, "aaaa5", "00400b"),
        (2, "aaaa6", "00400c"),
        (1, "aaaa7", "00220a"),
        (2, "aaaa8", "00400a"),
        (1, "bbbb1", "00500a"),
        (2, "bbbb2", "00400p"),
        (1, "aaaa9", "00450a"),
        (1, "cccc7", "00100b"),
        (1, "dddd6", "00100c"),
        (2, "dddd1", "00200d"),
        (6, "dddd3", "00200e"),
        
        (2, "aaaa1", "040a0a"),
        (3, "aaaa2", "040b0a"),
        (1, "aaaa3", "040c0a"),
        (1, "aaaa4", "040d0a"),
        (1, "aaaa5", "0500da"),
        (2, "aaaa6", "0500ea"),
        (1, "aaaa7", "0500fa"),
        (2, "aaaa8", "0600fa"),
        (1, "bbbb1", "10450a"),
        (2, "bbbb2", "10100b"),
        (1, "aaaa9", "10100c"),
        (1, "cccc7", "10200d"),
        (1, "dddd6", "10200e"),
        (2, "dddd1", "10300a"),
        (6, "dddd3", "10220a"),
        
        (2, "aaaa1", "10400a"),
        (3, "aaaa2", "10500a"),
        (1, "aaaa3", "10400p"),
        (1, "aaaa4", "10300b"),
        (1, "aaaa5", "1070aa"),
        (2, "aaaa6", "10500b"),
        (1, "aaaa7", "10600c"),
        (2, "aaaa8", "11000a"),
        (1, "bbbb1", "11000b"),
        (2, "bbbb2", "11000d"),
        (1, "aaaa9", "12000a"),
        (1, "cccc7", "13000b"),
        (1, "dddd6", "1070ba"),
        (2, "dddd1", "1070ca"),
        (6, "dddd3", "1070da"),
        
        (2, "aaaa1", "10500z"),
        (3, "aaaa2", "13000a"),
        (1, "aaaa3", "140a0a"),
        (1, "aaaa4", "140b0a"),
        (1, "aaaa5", "140c0a"),
        (2, "aaaa6", "140d0a"),
        (1, "aaaa7", "1500da"),
        (2, "aaaa8", "1500ea"),
        (1, "bbbb1", "1500fa"),
        (2, "bbbb2", "1600fa"),
        (1, "aaaa9", "040t0a"),
        (1, "cccc7", "050yda"),
        (1, "dddd6", "050uea"),
        (2, "dddd1", "050ifa"),
        (6, "dddd3", "050pfa"),
        
        (3, "aaaa1", "00300a"),
        (4, "aaaa2", "00300b"),
        (3, "aaaa3", "0070aa"),
        (2, "aaaa4", "0070ba"),
        (4, "aaaa5", "0070ca"),
        (4, "aaaa6", "0070da"),
        (4, "aaaa7", "00500z"),
        (3, "aaaa8", "00500b"),
        (2, "bbbb1", "00600c"),
        (3, "bbbb2", "01000a"),
        (2, "aaaa9", "01000b"),
        (2, "cccc7", "01000d"),
        (3, "dddd6", "02000a"),
        (3, "dddd1", "03000b"),
        (7, "dddd3", "03000a");
        
        

#-------------------------------- progettoedilizio --------------------------------
set @@foreign_key_checks = 0; TRUNCATE TABLE progettoedilizio; set @@foreign_key_checks = 1;

INSERT INTO progettoedilizio(Codice, CodiceCatastaleComune, DataPresentazione, DataInizio, DataApprovazione, StimaDataFine, Edificio)
VALUES
        (5689, "E123", "2016-10-18", "2016-11-30", "2016-11-20", "2017-12-31", "aaaa1"),
        (1248, "E123", "2015-10-22", "2016-01-25", "2016-01-10", "2016-09-15", "aaaa2"),
        (3298, "E123", "2011-10-22", "2011-11-12", "2011-10-26", "2012-02-08", "aaaa2"),
        (7849, "L111", "2015-06-22", "2016-08-10", "2016-07-20", "2016-12-22", "aaaa3"),
        (3298, "L111", "2017-10-22", "2018-01-31", "2018-01-22", "2018-10-15", "aaaa4"),
        (1248, "Z025", "2018-06-23", "2018-07-23", "2018-07-10", "2019-01-23", "aaaa5"),
        (3298, "Z025", "2019-10-22", "2019-12-22", "2019-11-20", "2020-04-22", "aaaa6"),
        (7841, "E123", "2015-10-22", "2016-01-22", "2016-01-15", "2016-11-16", "aaaa7"),
        (9436, "E123", "2015-02-23", "2015-03-30", "2015-03-21", "2015-08-13", "aaaa8"),
        (2396, "L111", "2019-06-13", "2019-07-10", "2019-06-20", "2019-12-13", "bbbb1"),
        (1459, "A020", "2019-05-20", "2019-06-25", "2019-05-30", "2019-11-22", "bbbb2"),
        (3268, "A020", "2016-11-23", "2017-01-09", "2016-12-08", "2017-10-26", "bbbb2"),
        (7816, "E030", "2015-02-21", "2015-03-11", "2015-03-02", "2015-10-22", "aaaa9"),
        (3269, "L111", "2010-10-16", "2010-11-26", "2010-10-30", "2011-05-20", "cccc7"),
        (8530, "E123", "2015-06-22", "2015-07-21", "2015-07-12", "2015-12-10", "dddd6"),
        (3311, "E123", "2018-03-18", "2018-04-24", "2018-03-31", "2018-12-31", "dddd1"),
        (1133, "L111", "2016-05-20", "2016-06-30", "2016-05-25", "2016-10-20", "dddd3");
        
        

#-------------------------------- stadioavanzamento --------------------------------
set @@foreign_key_checks = 0; TRUNCATE TABLE stadioavanzamento; set @@foreign_key_checks = 1;

INSERT INTO stadioavanzamento(ID, DataInizio, CostoFinale, StimaTermine, Budget, DataCompletamento, ProgettoEdilizioCod, ProgettoEdilizioComune)
VALUES
		(12489, "2016-11-30", 123562.43, "2016-12-05", 123562.43, "2016-12-15", 5689, "E123"),
        (32658, "2016-12-03", 100035.36, "2017-01-31", 101035.36, "2017-02-25", 5689, "E123"),
        (78493, "2016-01-25", 153698.45, "2016-02-25", 153698.45, "2016-02-25", 1248, "E123"),
        (12596, "2016-01-31", 98563.25, "2016-03-25", 108563.25, "2016-04-21", 1248, "E123"),
        (48632, "2018-03-12", 196356.12, "2018-12-19", 196356.12, "2018-12-31", 3298, "L111"),
        (78412, "2018-02-15", 54129.32, "2019-02-05", 59129.32, "2019-02-05", 3298, "L111"),
        (32689, "2018-07-23", 78456.21, "2018-08-25", 78456.21, "2018-08-25", 1248, "Z025"),
        (15489, "2019-12-23", 78453.61, "2020-05-12", 98453.61, "2020-06-10", 3298, "Z025"),
        (32674, "2016-03-11", 111303.21, "2016-04-13", 111303.21, "2016-04-17", 7841, "E123"),
        (14856, "2015-03-31", 200520.45, "2015-04-15", 250520.45, "2015-05-16", 9436, "E123"),
        (32684, "2019-07-10", 78496.36, "2019-08-10", 78496.36, "2019-08-10", 2396, "L111"),
        (48563, "2019-06-25", 98456.74, "2019-07-04", 95456.74, "2019-07-04", 1459, "A020"),
        (12569, "2019-06-25", 78963.41, "2019-07-12", 78963.41, "2019-07-12", 1459, "A020"),
        (41584, "2017-01-10", 124596.63, "2017-02-27", 135596.63, "2017-03-15", 3268, "A020");
        
        
        
#-------------------------------- lavoro --------------------------------
set @@foreign_key_checks = 0; TRUNCATE TABLE lavoro; set @@foreign_key_checks = 1;

INSERT INTO lavoro(Nome, StadioAvanzamento, Inizio, Termine)
VALUES
		("posa fondazioni", 12489, "2016-12-01", "2016-12-04"),
        ("posizionamento solai", 12489, "2016-12-05", "2016-12-09"),
        ("costruzione di mura", 12489, "2016-12-01", "2016-12-10"),
        ("pavimentazione", 32658, "2016-12-03", "2016-12-31"),
        ("posizionamento solai", 32658, "2016-12-13", "2017-01-02"),
        ("realizzazione di pilastri", 32658, "2017-01-13", "2017-01-24"),
        ("costruzione di mura", 78493, "2016-01-27", "2016-02-09"),
        ("posizionamento solai", 78493, "2016-01-30", "2016-02-25"),
        ("colatura del calcestruzzo armato", 78493, "2016-01-31", "2016-02-15"),
        ("intonacatura", 12596, "2016-02-15", "2016-02-28"),
        ("realizzazione di pilastri", 12596, "2016-02-16", "2016-02-28"),
        ("configurazione sensoristica", 12596, "2016-02-14", "2016-03-01"),
        ("posa fondazioni", 48632, "2018-12-01", "2018-12-19"),
        ("realizzazione pilastri", 48632, "2018-11-13", "2018-12-15"),
        ("configurazione sensoristica", 48632, "2018-12-13", "2018-12-17"),
        ("costruzione di mura", 78412, "2019-01-30", "2019-02-18"),
        ("pavimentazione", 78412, "2019-02-24", "2019-03-06"),
        ("impiantistica", 78412, "2019-03-10", "2019-03-15"),
        ("intonacatura", 32689, "2018-07-26", "2018-08-15"),
        ("posizionamento solai", 32689, "2018-08-03", "2018-08-24"),
        ("impiantistica", 32689, "2018-07-28", "2018-07-31"),
        ("realizzazione di pilastri", 15489, "2019-12-23", "2019-12-31"),
        ("intonacatura", 15489, "2019-12-23", "2019-12-26"),
        ("configurazione sensoristica", 15489, "2020-02-12", "2020-02-16"),
        ("costruzione di mura", 32674, "2016-03-11", "2016-04-12"),
        ("posizionamento solai", 32674, "2016-03-17", "2016-04-15"),
        ("colatura del calcestruzzo armato", 32674, "2016-03-11", "2016-03-26"),
        ("posa fondazioni", 14856, "2015-03-31", "2015-04-19"),
        ("pavimentazione", 32684, "2019-07-10", "2019-07-29"),
        ("realizzazione pilastri", 32684, "2019-07-10", "2019-07-27"),
        ("intonacatura", 32684, "2019-07-13", "2019-07-24"),
        ("configurazione sensoristica", 48563, "2019-06-25", "2019-07-02"),
        ("pavimentazione", 12569, "2019-06-25", "2019-06-29"),
        ("intonacatura", 41584, "2017-01-22",  "2017-02-16"),
        ("configurazione sensoristica", 41584, "2017-01-15", "2017-03-11");
        
        
        
#-------------------------------- lavoratore --------------------------------
set @@foreign_key_checks = 0; TRUNCATE TABLE lavoratore; set @@foreign_key_checks = 1;

INSERT INTO lavoratore(Matricola, Nome, Cognome, PagaOraria, Ruolo, AnnoInizio)
VALUES
		(00005, "Andrea", "Rossi", 10.50, "operaio", 2015),
        (00006, "Tommaso", "Verdi", 11.00, "operaio specializzato", 2014),
        (00001, "Giuseppe", "Verdi", 9.50, "capocantiere", 2011),
        (00002, "Valentino", "Rossi", 11.00, "operaio specializzato", 2012),
        (00007, "Antonio", "Neri", 10.50, "operaio", 2015),
        (00009, "Francesco", "Rossi", 10.50, "operaio", 2015),
		(00010, "Alessandro", "Daraio", 11.00, "operaio specializzato", 2014),
        (00013, "Nicola", "Torriti", 9.50, "operaio", 2018),
        (00015, "Alessio", "Pettinari", 10.50, "operaio", 2019),
        (00016, "Cristiano", "Chirichella", 12.50, "capocantiere", 2010),
        (00017, "Angela", "Dei", 10.50, "operaio", 2015),
        (00018, "Michele", "Consoli", 12.50, "operaio", 2016),
        (00025, "Francesco", "Mangieri", 9.50, "apprendista", 2020),
        (00019, "Michele", "Lotrionte", 11.50, "operaio specializzato", 2014),
        (00021, "Francesco", "Bochicchio", 10.50, "operaio", 2014),
        (00004, "Filippo", "Gambelli", 12.50, "responsabile", 2010);
        
        

#-------------------------------- manodopera --------------------------------
set @@foreign_key_checks = 0; TRUNCATE TABLE manodopera; set @@foreign_key_checks = 1;

INSERT INTO manodopera(Lavoratore, Lavoro, StadioAvanzamento)
VALUES
		(00005, "posa fondazioni", 12489),
        (00006, "posizionamento solai", 12489),
        (00001, "costruzione di mura", 12489),
        (00016, "pavimentazione", 32658),
        (00010, "posizionamento solai", 32658),
        (00010, "realizzazione di pilastri", 32658),
        (00002, "costruzione di mura", 78493),
        (00010, "posizionamento solai", 78493),
        (00009, "colatura del calcestruzzo armato", 78493),
        (00002, "intonacatura", 12596),
        (00007, "posa fondazioni", 48632),
        (00010, "costruzione di mura", 78412),
        (00002, "pavimentazione", 78412),
        (00002, "impiantistica", 78412),
        (00006, "intonacatura", 32689),
        (00019, "intonacatura", 32689),
        (00005, "posizionamento solai", 32689),
        (00019, "impiantistica", 32689),
        (00001, "realizzazione di pilastri", 15489),
        (00019, "intonacatura", 15489),
        (00021, "costruzione di mura", 32674),
        (00001, "posizionamento solai", 32674),
        (00009, "colatura del calcestruzzo armato", 32674),
        (00016, "posa fondazioni", 14856),
        (00015, "pavimentazione", 32684),
        (00006, "realizzazione pilastri", 32684),
        (00013, "intonacatura", 32684),
        (00001, "configurazione sensoristica", 48563),
        (00002, "pavimentazione", 12569),
        (00021, "intonacatura", 41584),
        (00004, "configurazione sensoristica", 41584),
        (00001, "posa fondazioni", 12489),
        (00004, "posizionamento solai", 12489),
        (00004, "costruzione di mura", 12489),
        (00017, "colatura del calcestruzzo armato", 78493),
        (00021, "impiantistica", 78412),
        (00004, "pavimentazione", 32658),
        (00001, "posizionamento solai", 32658),
        (00005, "realizzazione di pilastri", 32658),
        (00006, "costruzione di mura", 78493),
        (00007, "posizionamento solai", 78493),
        (00010, "colatura del calcestruzzo armato", 78493),
        (00015, "intonacatura", 12596),
        (00025, "posa fondazioni", 48632),
        (00002, "costruzione di mura", 78412),
        (00009, "pavimentazione", 78412),
        (00001, "impiantistica", 78412),
        (00016, "intonacatura", 32689),
        (00006, "posizionamento solai", 32689),
        (00009, "impiantistica", 32689),
        (00010, "realizzazione di pilastri", 15489),
        (00017, "intonacatura", 15489),
        (00017, "costruzione di mura", 32674),
        (00021, "posizionamento solai", 32674),
        (00005, "colatura del calcestruzzo armato", 32674),
        (00006, "posa fondazioni", 14856),
        (00001, "pavimentazione", 32684),
        (00005, "realizzazione pilastri", 32684),
        (00015, "intonacatura", 32684),
        (00016, "configurazione sensoristica", 48563),
        (00009, "pavimentazione", 12569),
        (00004, "intonacatura", 41584),
        (00006, "configurazione sensoristica", 41584);



#-------------------------------- calendario --------------------------------
set @@foreign_key_checks = 0; TRUNCATE TABLE calendario; set @@foreign_key_checks = 1;

INSERT INTO calendario(GiornoEdOrario, Lavoratore, Durata, Mansione, IdSupervisore)
VALUES
		("2016-12-01 08:00", 00005, 4, "posa fondazioni", 00016),
        ("2018-08-03 14:00", 00006, 4, "posizionamento solai", 00001),
        ("2016-12-01 14:00", 00001, 4, "costruzione di mura", NULL),
        ("2016-12-04 08:00", 00016, 4, "pavimentazione", NULL),
        ("2016-01-31 14:00", 00010, 4, "posizionamento solai", 00016),
        ("2017-01-15 08:00", 00010, 5, "realizzazione di pilastri", 00001),
        ("2019-01-31 08:00", 00002, 3, "costruzione di mura", 00001),
        ("2016-12-13 14:00", 00010, 4, "posizionamento solai", 00001),
        ("2016-03-11 08:00", 00009, 5, "colatura del calcestruzzo armato", 00001),
        ("2016-02-15 08:00", 00002, 4, "intonacatura", 00016),
        ("2018-12-01 14:00", 00007, 4, "posa fondazioni", 00001),
        ("2019-01-30 14:00", 00010, 4, "costruzione di mura", 00001),
        ("2017-01-15 14:00", 00010, 4, "realizzazione di pilastri", 00001),
        ("2019-02-24 08:00", 00002, 4, "pavimentazione", 00016),
        ("2019-03-10 14:00", 00002, 5, "impiantistica", 00001),
        ("2018-07-26 14:00", 00006, 4, "intonacatura", 00016),
        ("2018-08-03 08:00", 00005, 4, "posizionamento solai", 00001),
        ("2018-07-29 08:00", 00019, 4, "impiantistica", 00016),
        ("2017-01-16 18:00", 00010, 4, "realizzazione di pilastri", 00001),
        ("2019-12-23 08:00", 00001, 4, "realizzazione di pilastri", NULL),
        ("2018-07-26 14:00", 00019, 4, "intonacatura", 00016),
        ("2017-01-14 14:00", 00010, 5, "realizzazione di pilastri", 00001),
        ("2016-03-11 14:00", 00021, 4, "costruzione di mura", 00016),
        ("2016-03-17 08:00", 00001, 4, "posizionamento solai", NULL),
        ("2016-01-31 08:00", 00009, 3, "colatura del calcestruzzo armato", 00001),
        ("2015-03-31 14:00", 00016, 5, "posa fondazioni", NULL),
        ("2019-07-10 08:00", 00015, 4, "pavimentazione", 00001),
        ("2019-07-10 14:00", 00006, 4, "realizzazione pilastri", 00001),
        ("2019-07-14 14:00", 00013, 4, "intonacatura", 00016),
        ("2019-06-25 08:00", 00001, 4, "configurazione sensoristica", NULL),
        ("2019-02-25 08:00", 00002, 4, "pavimentazione", 00001),
        ("2017-01-22 14:00", 00021, 5, "intonacatura", 00016),
        ("2017-01-15 14:00", 00004, 4, "configurazione sensoristica", NULL),
        ("2016-12-01 08:00", 00001, 4, "posa fondazioni", NULL),
        ("2016-12-05 14:00", 00004, 4, "posizionamento solai", NULL),
        ("2016-12-01 14:00", 00004, 3, "costruzione di mura", NULL), 
        ("2016-01-31 08:00", 00017, 4, "colatura del calcestruzzo armato", 00001),
        ("2019-03-10 08:00", 00021, 4, "impiantistica", 00016),
        ("2016-12-04 08:00", 00004, 5, "pavimentazione", NULL),
        ("2016-03-18 08:00", 00001, 4, "posizionamento solai", NULL),
        ("2017-01-13 08:00", 00005, 4, "realizzazione di pilastri", 00016),
        ("2016-01-28 08:00", 00006, 4, "costruzione di mura", 00001),
        ("2016-01-30 14:00", 00007, 4, "posizionamento solai", 00001),
        ("2016-02-01 14:00", 00010, 4, "colatura del calcestruzzo armato", 00016),
        ("2019-07-13 08:00", 00015, 4, "intonacatura", 00001),
        ("2018-12-01 08:00", 00025, 4, "posa fondazioni", 00016),
        ("2016-01-28 14:00", 00002, 4, "costruzione di mura", 00001),
        ("2019-02-25 08:00", 00009, 5, "pavimentazione", 00001),
        ("2019-03-10 08:00", 00001, 4, "impiantistica", NULL),
        ("2018-07-26 14:00", 00016, 4, "intonacatura", NULL),
        ("2018-08-04 08:00", 00006, 4, "posizionamento solai", 00001),
        ("2018-07-28 08:00", 00009, 4, "impiantistica", 00001),
        ("2019-12-23 14:00", 00010, 4, "realizzazione di pilastri", 00016),
        ("2019-12-23 08:00", 00017, 5, "intonacatura", 00001),
        ("2016-03-11 14:00", 00017, 4, "costruzione di mura", 00016),
        ("2016-12-05 08:00", 00021, 4, "posizionamento solai", 00001),
        ("2016-03-11 08:00", 00005, 4, "colatura del calcestruzzo armato", 00001),
        ("2015-03-31 08:00", 00006, 4, "posa fondazioni", 00016),
        ("2019-07-10 14:00", 00001, 4, "pavimentazione", NULL),
        ("2019-07-10 08:00", 00005, 3, "realizzazione pilastri", 00001),
        ("2019-07-13 14:00", 00015, 4, "intonacatura", 00016),
        ("2019-06-25 08:00", 00016, 4, "configurazione sensoristica", NULL),
        ("2019-02-24 14:00", 00009, 5, "pavimentazione", 00001),
        ("2017-01-22 08:00", 00004, 3, "intonacatura", NULL),
        ("2017-01-15 08:00", 00006, 4, "configurazione sensoristica", 00016);
        
        
        
#-------------------------------- materiale --------------------------------
set @@foreign_key_checks = 0; TRUNCATE TABLE materiale; set @@foreign_key_checks = 1;

INSERT INTO materiale(CodiceLotto, Nome, Fornitore, DataAcquisto, Costo, UnitaDiMisura, Composizione)
VALUES
		(15698, "mattone clinler", "Benno Materials srl", "2019-12-16", 19.25, "metro cubo", "argilla"),
        (45862, "mattone paramano", "Brunello Materiali edilizi", "2018-11-16", 18.20, "metro cubo", "argilla"),
        (15892, "mattone forato", "Edilcomes", "2017-11-16", 18.20, "metro cubo", "argilla"),
        (49996, "lamiera termica", "Piacentini Edilizia", "2018-12-18", 6.40, "metro quadro", "grafite"),
        (14593, "mattone pieno", "Benno Mterials srl", "2017-10-16", 21.50, "metro cubo", "argilla"),
        (51463, "metalwood", "Edil Italia", "2020-10-16", 16.45, "metro quadro", "ceramica"),
        (14586, "gres porcellanato", "Edilcomes", "2020-11-16", 14.00, "metro quadro", "ceramica"),
        (12593, "mattone paramano", "Brunello Materiali edilizi", "2020-06-16", 16.50, "metro cubo", "argilla"),
        (14863, "marmo", "Piacentini Edilizia", "2016-06-16", 30.00, "metro quadro", "marmo bianco"),
        (90125, "piastrella", "Piacentini Edilizia", "2016-04-30", 14.00, "metro quadro", "ceramica"),
        (12596, "parquet", "Brunello Materiali edilizi", "2019-03-30", 25.00, "metro quadro", "legno"),
        (32657, "mattone pieno", "Benno Mterials srl", "2019-03-03", 15.00, "metro cubo", "argilla"),
        (48963, "intonaco", "Edilcomes", "2019-03-31", 15.00, "chilogrammo", "cementizio"),
        (20052, "mattone forato", "Edil Italia", "2018-06-15", 18.20, "metro cubo", "argilla"),
        (15896, "beton cire", "Piacentini Edilizia", "2019-02-15", 50.00, "metro quadro", "cementizio"), #intonaco
        (14893, "piastrella", "Brunello Materiali edilizi", "2018-10-20", 15.50, "metro quadro", "ceramica"),
        (12658, "tufo", "Benno Mterials srl", "2018-06-01", 16.00, "metro cubo", "tufo"),
        (45637, "gres porcellanato", "Edil Italia", "2020-09-21", 15.00, "metro quadro", "ceramica"),
        (12578, "pietre", "Brunello Materiali edilizi", "2016-02-15", 150.00, "metro cubo", "roccia vulcanica"),
        (32678, "mattone paramano", "Edil Italia", "2015-08-19", 19.50, "metro cubo", "argilla"),
        (94586, "chianche", "Edilcomes", "2014-12-29", 154.50, "metro quadro", "calcarea durissima"), #pietra copertura
        (23478, "mattone forato", "Edil Italia", "2017-10-05", 18.20, "metro cubo", "argilla"),
        (11026, "mattone clinler", "Benno Mterials srl", "2015-12-25", 19.25, "metro cubo", "argilla"),
        (10259, "luserna reale", "Piacentini Edilizia", "2017-10-05", 110.50, "metro cubo", "pietra metamorfica"), #pietra ossatura
        (12360, "gres porcellanato", "Edil Italia", "2014-12-29", 15.00, "metro quadro", "ceramica"),
        (14520, "mattone forato", "Gruppo Mariani", "2015-08-19", 18.20, "metro cubo", "argilla"),
        (12365, "parquet", "Brunello Materiali edilizi", "2015-12-25", 35.50, "metro quadro", "legno"),
        (12569, "piastrella", "Gruppo Mariani", "2017-10-05", 15.50, "metro quadro", "ceramica"),
        (12589, "intonaco", "Brunello Materiali edilizi", "2015-12-25", 6.50, "chilogrammo", "cementizio"),
        (32547, "beton cire", "Edilcomes", "2020-06-25", 50.00, "metro quadro", "cementizio"), #intonaco
        (92593, "mattone pieno", "Edil Italia", "2020-06-25", 25.50, "metro cubo", "argilla"),
        (00012, "tufo", "Piacentini Edilizia", "2019-03-31", 15.00, "metro cubo", "tufo"),
        (25693, "chianche", "Benno Mterials srl", "2018-10-20", 154.50, "metro quadro", "calcarea durissima"), #pietra copertura
        (66596, "mattone forato", "Edil Italia", "2019-02-15", 18.20, "metro cubo", "argilla"),
        (32548, "marmo", "Brunello Materiali edilizi", "2020-09-21", 56.50, "metro quadro", "marmo"),
        (14589, "mattone forato", "Gruppo Mariani", "2018-06-01", 18.00, "metro cubo", "argilla"),
        (21459, "parquet", "Brunello Materiali edilizi", "2015-12-25", 35.50, "metro quadro", "legno"),
        (28586, "mattone pieno", "Edilcomes", "2018-06-15", 20.99, "metro cubo", "argilla"),
        (99657, "luserna reale", "Piacentini Edilizia", "2014-12-29", 110.50, "metro cubo", "pietra metamorfica"), #pietra ossatura
        (14596, "chianche", "Piacentini Edilizia", "2015-08-19", 154.50, "metro quadro", "calcarea durissima"), #pietra copertura
        (98569, "mattone paramano", "Edil Italia", "2019-12-05", 19.50, "metro cubo", "argilla"),
        (32549, "piastrella", "Edil Italia", "2017-10-05", 19.59, "metro quadro", "ceramica"),
        (99059, "tegole", "Gervasio Edilizia", "2017-08-31", 18.00, "metro cudro", "leterizio"),
        (12456, "piastrella", "Edil Italia", "2020-09-21", 15.23, "metro quadro", "ceramica"),
        (12567, "mattone forato", "Gruppo Mariani", "2017-10-05", 18.00, "metro cubo", "argilla"),
        (32159, "beton cire", "Edil Italia", "2014-12-29", 50.00, "metro quadro", "cementizio"), #intonaco
        (15236, "klinker", "Benno Mterials srl", "2019-02-15", 55.50, "metro cubo", "laterizio"), #mattone
        (15697, "tufo", "Brunello Materiali edilizi", "2016-02-15", 15.50, "metro cubo", "tufo"),
        (18963, "gres porcellanato", "Gruppo Mariani", "2015-12-25", 15.50, "metro quadro", "ceramica"),
        (15267, "intonaco", "Edilcomes", "2018-10-20", 5.60, "chilogrammo", "cementizio"),
        (94563, "piastrella", "Piacentini Edilizia", "2015-12-25", 10.50, "metro quadro", "ceramica"),
        (12996, "luserna reale", "Gruppo Mariani", "2018-06-01", 110.50, "metro cubo", "pietra metamorfica"), #pietra ossatura
        (69596, "mattone forato", "Piacentini Edilizia", "2018-06-15", 18.00, "metro cubo", "argilla"),
        (92956, "chianche", "Brunello Materiali edilizi", "2015-12-25", 154.50, "metro quadro", "calcarea durissima"), #pietra copertura
        (12586, "mattone paramano", "Gruppo Mariani", "2019-12-05", 19.50, "metro cubo", "argilla"),
        (12563, "parquet", "Benno Mterials srl", "2015-08-19", 38.50, "metro quadro", "legno"),
        (14862, "piastrella", "Piacentini Edilizia", "2020-06-25", 15.20, "metro quadro", "ceramica"),
        (14860, "mattone pieno", "Edil Italia", "2019-03-31", 15.60, "metro cubo", "argilla"),
        (00125, "mattone clinler", "Edilcomes", "2020-09-21", 19.25, "metro cubo", "argilla"),
        (19886, "piastrella", "Brunello Materiali edilizi", "2020-06-25", 12.99, "metro quadro", "ceramica"),
        (03245, "gres porcellanato", "Gruppo Mariani", "2016-02-15", 17.50, "metro quadro", "ceramica"),
        (01578, "luserna reale", "Gruppo Mariani", "2019-12-05", 110.50, "metro cubo", "pietra metamorfica"), #pietra ossatura
        (03568, "mattone forato", "Gruppo Mariani", "2018-06-01", 18.00, "metro cubo", "argilla"),
        (01496, "klinker", "Gruppo Mariani", "2014-12-29", 55.50, "metro cubo", "laterizio"), #mattone
        (15369, "intonaco", "Edilcomes", "2020-09-21", 6.50, "chilogrammo", "cementizio"),
        (05369, "beton cire", "Piacentini Edilizia", "2019-02-15", 55.00, "metro quadro", "cementizio"), #intonaco
        (11896, "mattone forato", "Piacentini Edilizia", "2017-10-05", 21.00, "metro cubo", "argilla"),
        (89589, "parquet", "Brunello Materiali edilizi", "2018-06-15", 38.50, "metro quadro", "legno"),
        (03157, "piastrella", "Benno Mterials srl", "2015-08-19", 25.50, "metro quadro", "ceramica"),
        (08256, "pietre copertura", "Gruppo Mariani", "2014-12-29", 15.00, "metro quadro", ""),
        (06325, "mattone pieno", "Piacentini Edilizia", "2020-06-25", 15.60, "metro cubo", "argilla"),
        (02563, "piastrella", "Piacentini Edilizia", "2015-12-25", 12.50, "metro quadro", "ceramica"),
        (01589, "mattone paramano", "Gervasio Edilizia", "2019-12-05", 19.50, "metro cubo", "argilla"),
        (99052, "tegole", "Gervasio Edilizia", "2019-07-11", 17.00, "metro cudro", "leterizio"),
        (03567, "klinker", "Edilcomes", "2018-10-20", 55.50, "metro cubo", "laterizio"), #mattone
        (02593, "mattone forato", "Gervasio Edilizia", "2016-02-15", 21.00, "metro cubo", "argilla"),
        (02365, "intonaco", "Edil Italia", "2020-09-21", 6.50, "chilogrammo", "cementizio"),
        (25452, "beton cire", "Brunello Materiali edilizi", "2019-12-05", 55.00, "metro quadro", "cementizio"), #intonaco
        (15145, "marmo", "Benno Mterials srl", "2018-06-01", 25.99, "metro quadro", "marmo bianco"),
        (25624, "pietre copertura", "Gervasio Edilizia", "2019-12-05", 10.50, "metro quadro", "piatra vulcanica"),
        (23559, "piastrella", "Piacentini Edilizia", "2015-08-19", 18.99, "metro quadro", "ceramica"),
        (92569, "piastrella", "Edilcomes", "2018-06-01", 18.99, "metro quadro", "ceramica"),
        (92459, "mattone forato", "Gervasio Edilizia", "2017-10-05", 21.00, "metro cubo", "argilla"),
        (85796, "parquet", "Benno Mterials srl", "2016-02-15", 38.50, "metro quadro", "legno"),
        (85962, "beton cire", "Edil Italia", "2019-02-15", 45.00, "metro quadro", "cementizio"), #intonaco
        (94896, "mattone clinler", "Gervasio Edilizia", "2014-12-29", 19.25, "metro cubo", "argilla"),
        (35498, "pietre copertura", "Gruppo Mariani", "2016-02-15", 10.99, "metro quadro", "pietra calcare"),
        (15632, "piastrella", "Edilcomes", "2020-09-21", 15.50, "metro quadro", "ceramica"),
        (15296, "marmo", "Benno Mterials srl", "2018-10-20", 30.50, "metro quadro", "marmo"),
        (14785, "mattone pieno", "Gervasio Edilizia", "2015-08-19", 25.50, "metro cubo", "argilla"),
        (19563, "klinker", "Gervasio Edilizia", "2020-09-21", 55.50, "metro cubo", "laterizio"), #mattone
        (98652, "tegole", "Gervasio Edilizia", "2018-06-18", 18.00, "metro cudro", "leterizio");
        
        
        
#-------------------------------- occorrenza --------------------------------
set @@foreign_key_checks = 0; TRUNCATE TABLE occorrenza; set @@foreign_key_checks = 1;

INSERT INTO occorrenza(Lavoro, StadioAvanzamento, Materiale, PercUtilizzo)
VALUES
		("posa fondazioni", 12489, 15698, 0.25),
        ("costruzione di mura", 12489, 45862, 0.45),
        ("pavimentazione", 32658, 15892, 0.50),
        ("intonacatura", 12596, 14586, 0.25),
        ("costruzione di mura", 78412, 12593, 0.25),
        ("impiantistica", 78412, 14863, 0.50),
        ("colatura del calcestruzzo armato", 32674, 32657, 0.55),
        ("costruzione di mura", 32674, 48963, 0.95),
        ("pavimentazione", 32658, 20052, 1),
        ("impiantistica", 78412, 15896, 0.15),
        ("colatura del calcestruzzo armato", 32674, 49996, 0.95),
        ("pavimentazione", 32684, 14893, 0.20),
        ("realizzazione di pilastri", 32658, 12658, 0.05),
        ("pavimentazione", 12569, 45637, 0.20),
        ("costruzione di mura", 78412, 12578, 0.60),
        ("posa fondazioni", 12489, 32678, 0.65),
        ("intonacatura", 41584, 94586, 0.60),
        ("colatura del calcestruzzo armato", 32674, 23478, 0.80),
        ("intonacatura", 41584, 10259, 0.65),
        ("impiantistica", 32689, 12360, 0.30),
        ("intonacatura", 15489, 12569, 0.10),
        ("pavimentazione", 32658, 51463, 0.90),
        ("colatura del calcestruzzo armato", 78493, 32547, 0.60),
        ("intonacatura", 12596, 92593, 0.20),
        ("pavimentazione", 12569, 00012, 0.35),
        ("impiantistica", 78412, 25693, 0.80),
        ("costruzione di mura", 32674, 32548, 0.50),
        ("posizionamento solai", 32689, 14589, 0.25),
        ("posa fondazioni", 12489, 21459, 0.50),
        ("posa fondazioni", 48632, 28586, 0.50),
        ("costruzione di mura", 78493, 99657, 1),
        ("posizionamento solai", 78493, 14596, 0.75),
        ("costruzione di mura", 78412, 98569, 0.80),
        ("pavimentazione", 32684, 32549, 0.60),
        ("intonacatura", 32684, 99059, 0.40),
        ("posa fondazioni", 48632, 15236, 0.45),
        ("intonacatura", 41584, 15697, 0.40),
        ("impiantistica", 32689, 18963, 0.60),
        ("pavimentazione", 32658, 15267, 0.80),
        ("costruzione di mura", 32674, 12996, 0.10),
        ("intonacatura", 32689, 92956, 0.20),
        ("colatura del calcestruzzo armato", 32674, 00125, 0.80),
        ("costruzione di mura", 78493, 19886, 0.30),
        ("colatura del calcestruzzo armato", 78493, 03245, 0.40),
        ("realizzazione di pilastri", 12596, 01578, 0.65),
        ("intonacatura", 41584, 03568, 0.30),
        ("pavimentazione", 12569, 01496, 0.80),
        ("realizzazione di pilastri", 32658, 15369, 0.90),
        ("realizzazione pilastri", 32684, 05369, 0.45),
        ("pavimentazione", 12569, 11896, 0.65),
        ("intonacatura", 41584, 89589, 0.20),
        ("pavimentazione", 78412, 03157, 0.30),
        ("intonacatura", 41584, 06325, 0.80),
        ("posizionamento solai", 32689, 02563, 0.20),
        ("pavimentazione", 32684, 01589, 0.25),
        ("pavimentazione", 32658, 99052, 0.30),
        ("intonacatura", 41584, 03567, 0.45),
        ("posa fondazioni", 48632, 02593, 0.50),
        ("realizzazione pilastri", 32684, 02365, 0.60),
        ("intonacatura", 32684, 25452, 0.65),
        ("costruzione di mura", 78493, 15145, 0.70),
        ("posizionamento solai", 78493, 92569, 0.20),
        ("pavimentazione", 78412, 92459, 0.30),
        ("costruzione di mura", 12489, 85796, 0.30),
        ("posa fondazioni", 12489, 15296, 0.35),
        ("intonacatura", 32689, 14785, 0.35),
        ("posizionamento solai", 32674, 19563, 0.20),
        ("impiantistica", 78412, 14862, 0.50),
        ("impiantistica", 78412, 12596, 0.50),
        ("posizionamento solai", 78493, 98652, 0.20);
        
        
        
#-------------------------------- piastrella --------------------------------
set @@foreign_key_checks = 0; TRUNCATE TABLE piastrella; set @@foreign_key_checks = 1;

INSERT INTO piastrella(CodiceLotto, MaterialeAdesivo, LarghezzaFuga, Disegno, Forma, Larghezza, Lunghezza, Spessore)
VALUES
		(14586, "lattice elastomerico", 5, "naturale", "rettangolare", 20, 25, 0.8),
        (14863, "additivi di resina", 6, "stampato", "quadrata", 20, 20, 0.6),
        (90125, "adesivo migliorato", 2, "naturale", "rettangolare", 35, 40, 1.0),
        (14893, "lattice elastomerico", 5, "naturale", "quadrata", 30, 30, 0.8),
        (45637, "additivi di resina", 6, "naturale", "quadrata", 40, 40, 1.0),
        (12360, "cementizi a presa rapida", 7, "stampato", "esagonale", 25, 20, 0.8),
        (12569, "adesivo migliorato", 3, "naturale", "quadrata", 50, 50, 0.9),
        (32548, "additivi di resina", 5, "naturale", "rettangolare", 35, 30, 0.9),
        (32549, "lattice elastomerico", 5, "stampato", "rettangolare", 30, 40, 0.6),
        (12456, "cementizi a presa rapida", 4, "naturale", "quadrata", 45, 45, 0.7),
        (18963, "additivi di resina", 5, "naturale", "quadrata", 30, 30, 0.8),
        (94563, "lattice elastomerico", 5, "stampato", "rettangolare", 35, 40, 0.9),
        (14862, "adesivo migliorato", 5, "stampato", "quadrata", 35, 35, 0.8),
        (19886, "additivi di resina", 5, "naturale", "rettangolare", 35, 45, 0.7),
        (03245, "cementizi a presa rapida", 5, "stampato", "quadrata", 60, 60, 0.8),
        (03157, "lattice elastomerico", 4, "stampato", "quadrata", 60, 60, 0.6),
        (02563, "adesivo migliorato", 5, "naturale", "quadrata", 35, 35, 0.8),
        (15145, "additivi di resina", 5, "stampato", "rettangolare", 35, 40, 0.7),
        (23559, "cementizi a presa rapida", 5, "stampato", "quadrata", 25, 25, 0.8),
        (92569, "adesivo migliorato", 8, "naturale", "quadrata", 50, 50, 0.9),
        (15632, "additivi di resina", 5, "stampato", "quadrata", 30, 30, 0.8),
        (15296, "lattice elastomerico", 6, "naturale", "rettangolare", 35, 40, 0.7);
       
       
       
#-------------------------------- pavimentazione --------------------------------
set @@foreign_key_checks = 0; TRUNCATE TABLE pavimentazione; set @@foreign_key_checks = 1;

INSERT INTO pavimentazione(Piastrella, Vano, Edificio)
VALUES 
		(14862, 1, "aaaa1"),
        (03245, 1, "aaaa1"),
        (14863, 2, "aaaa1"),
        (90125, 3, "aaaa1"),
        (14893, 1, "aaaa2"),
        (45637, 2, "aaaa2"),
        (12360, 3, "aaaa2"),
        (12569, 4, "aaaa2"),
        (32548, 1, "aaaa3"),
        (32549, 2, "aaaa3"),
        (12456, 3, "aaaa3"),
        (18963, 1, "aaaa4"),
        (94563, 2, "aaaa4"),
        (14862, 3, "aaaa4"),
        (19886, 1, "bbbb1"),
        (03245, 2, "bbbb1"),
        (03157, 1, "dddd3"),
        (02563, 2, "dddd3"),
        (15145, 3, "dddd3"),
        (23559, 4, "dddd3"),
        (92569, 5, "dddd3"),
        (15632, 6, "dddd3"),
        (15296, 1, "cccc7");
		
        

#-------------------------------- mattone --------------------------------
set @@foreign_key_checks = 0; TRUNCATE TABLE mattone; set @@foreign_key_checks = 1;

INSERT INTO mattone(CodiceLotto, Forma, Riempimento, Modello, Larghezza, Spessore, Lunghezza)
VALUES
		(15698, "parallelepipedo", "pieno", "aadc", 12.00, 5.00, 25.00),
        (45862, "parallelepipedo", "pieno", "zadc", 12.00, 5.00, 25.00),
        (15892, "parallelepipedo", "pieno", "acdc", 13.00, 6.00, 24.50),
        (14593, "parallelepipedo", "pieno", "vdrt", 11.50, 7.00, 28.00),
		(12593, "parallelepipedo", "pieno", "ccfg", 12.50, 9.00, 24.00),
        (32657, "parallelepipedo", "pieno", "pefv", 14.00, 8.00, 26.00),
        (20052, "parallelepipedo", "pieno", "vdtw", 14.00, 8.00, 26.00),
        (32678, "parallelepipedo", "pieno", "aabc", 12.50, 9.00, 24.00),
        (23478, "parallelepipedo", "pieno", "zadf", 14.50, 9.50, 26.00),
        (11026, "parallelepipedo", "pieno", "aadc", 11.50, 7.00, 28.00),
        (14520, "parallelepipedo", "pieno", "prft", 12.50, 5.00, 25.50),
        (92593, "parallelepipedo", "pieno", "podr", 12.00, 5.00, 25.00),
        (66596, "parallelepipedo", "pieno", "adnc", 12.50, 5.00, 25.50);
        
INSERT INTO mattone(CodiceLotto, Alveolatura, Forma, Riempimento, Modello, Larghezza, Spessore, Lunghezza)
VALUES
        (98569, "esagonale", "parallelepipedo", "sughero", "ppoi", 14.50, 9.00, 26.00),
        (12567, "cilindriche", "parallelepipedo", "canapa", "aerd", 14.00, 8.00, 26.00),
        (14589, "quadrangolare", "parallelepipedo", "fibre di legno", "afrt", 11.50, 7.00, 28.00),
        (28586, "cilindriche", "parallelepipedo", "sughero", "adrt", 12.50, 5.00, 25.50),
        (69596, "esagonale", "parallelepipedo", "fibre di legno", "abct", 12.50, 9.00, 24.00),
        (14860, "cilindriche", "parallelepipedo", "vuoto", "otlo", 14.50, 6.00, 25.50),
        (00125, "esagonale", "parallelepipedo", "canapa", "atrf", 13.00, 6.00, 24.50),
        (03568, "cilindriche", "parallelepipedo", "sughero", "apot", 11.50, 7.00, 23.50),
        (01496, "cilindriche", "parallelepipedo", " fibre di legno", "alpr", 12.50, 9.00, 24.00),
        (11896, "esagonale", "parallelepipedo", "canapa", "trop", 14.50, 10.00, 26.00),
        (89589, "esagonale", "parallelepipedo", "vuoto", "alto", 11.50, 7.00, 28.00),
        (06325, "cilindriche", "parallelepipedo", "sughero", "atrd", 14.00, 8.00, 26.00),
        (01589, "esagonale", "parallelepipedo", "vuoto", "ltra", 12.00, 5.00, 25.00),
        (03567, "esagonale", "parallelepipedo", "canapa", "atgl", 12.50, 5.00, 25.50),
        (02593, "esagonale", "parallelepipedo", "sughero", "ataa", 11.50, 7.00, 28.00),
        (92459, "cilindriche", "parallelepipedo", "vuoto", "aabm", 13.00, 6.00, 24.50),
        (94896, "esagonale", "parallelepipedo", "fibre di legno", "loaa", 14.50, 10.00, 26.00),
        (14785, "cilindriche", "parallelepipedo", "canapa", "ladr", 14.00, 8.00, 26.00),
        (19563, "esagonale", "parallelepipedo", "sughero", "lpos", 12.00, 5.00, 25.00);

        
   
#-------------------------------- struttura --------------------------------
set @@foreign_key_checks = 0; TRUNCATE TABLE struttura; set @@foreign_key_checks = 1;

INSERT INTO struttura(Mattone, Mura)
VALUES
		(15698, "00220a"),
        (45862, "00400a"),
        (15892, "00500a"),
        (14593, "00400p"),
		(12593, "00450a"),
        (32657, "00100b"),
        (20052, "00100c"),
        (32678, "00200d"),
        (23478, "00200e"),
        (11026, "00300a"),
        (14520, "00300b"),
        (92593, "0070aa"),
        (66596, "0070ba"),
        (28586, "0070ca"),
        (98569, "0070da"),
        (12567, "00500z"),
        (14589, "00500b"),
        (28586, "00600c"),
        (69596, "01000a"),
        (14860, "01000b"),
        (00125, "01000d"),
        (03568, "02000a"),
        (01496, "03000b"),
        (11896, "03000a"),
        (89589, "040a0a"),
        (06325, "040b0a"),
        (01589, "040c0a"),
        (03567, "00600c"),
        (02593, "00500z"),
        (92459, "040d0a"),
        (94896, "0500da"),
        (14785, "0500ea"),
        (19563, "0600fa");
        
        

#-------------------------------- pietre ossatura --------------------------------
set @@foreign_key_checks = 0; TRUNCATE TABLE pietreossatura; set @@foreign_key_checks = 1;

INSERT INTO pietreossatura(CodiceLotto, Larghezza, Spessore, Lunghezza)
VALUES
		(12658, 14.50, 9.50, 25.50),
        (10259, 16.00, 9.00, 24.50),
        (00012, 15.50, 8.50, 24.00),
        (99657, 15.00, 10.00, 26.00),
        (15697, 16.00, 9.50, 25.00),
        (12996, 15.00, 9.00, 26.50),
        (12578, 16.00, 9.00, 26.50),
        (01578, 14.50, 8.50, 27.00);
        
        
        
#-------------------------------- costruzione --------------------------------
set @@foreign_key_checks = 0; TRUNCATE TABLE costruzione; set @@foreign_key_checks = 1;

INSERT INTO costruzione(PietreOssatura, Mura)
VALUES
		(12658, "00450a"),
        (10259, "0070da"),
        (00012, "01000b"),
        (99657, "02000a"),
        (15697, "040b0a"),
        (12996, "0500fa"),
        (01578, "0600fa");
        
        
        
#-------------------------------- pietre copertura --------------------------------
set @@foreign_key_checks = 0; TRUNCATE TABLE pietrecopertura; set @@foreign_key_checks = 1;

INSERT INTO pietrecopertura(CodiceLotto, PesoMedio, SuperficieMedia, Disposizione)
VALUES
		(94586, 1.50, 650, "orizzontale"),
        (25693, 2.50, 650, "orizzontale"),
        (14596, 1.00, 700, "naturale"),
        (92956, 1.50, 750, "verticale"),
        (08256, 1.00, 500, "naturale"),
        (25624, 2.00, 1000, "orizzontale"),
        (35498, 2.50, 750, "naturale");
        
 
 
#-------------------------------- decorazione --------------------------------
set @@foreign_key_checks = 0; TRUNCATE TABLE decorazione; set @@foreign_key_checks = 1;

INSERT INTO decorazione(PietreCopertura, Mura)
VALUES
		(94586, "03000b"),
        (25693, "03000a"),
        (14596, "040b0a"),
        (92956, "040d0a"),
        (08256, "0500da"),
        (25624, "0500ea"),
        (35498, "0600fa");
        
        

#-------------------------------- intonaco --------------------------------
set @@foreign_key_checks = 0; TRUNCATE TABLE intonaco; set @@foreign_key_checks = 1;

INSERT INTO intonaco(CodiceLotto)
VALUES
		(48963),
        (15896),
        (12589),
        (32547),
        (32159),
        (15267),
        (15369),
        (05369),
        (02365),
        (25452),
        (85962);
        
        

#-------------------------------- rivestimento --------------------------------
set @@foreign_key_checks = 0; TRUNCATE TABLE rivestimento; set @@foreign_key_checks = 1;

INSERT INTO rivestimento(Intonaco, Mura, NumeroStrato)
VALUES
		(48963, "00400l", "1"),
		(15896, "00400b", "1"),
		(05369, "00400c", "1"),
        (48963, "00220a", "1-2-3"),
        (15896, "00400a", "1-2-3"),
        (12589, "00500a", "1-2-3"),
        (32547, "00400p", "1-3"),
        (32159, "00450a", "1-2-3"),
        (15267, "00100b", "1-2-3"),
        (15369, "00100c", "1-2-3"),
        (05369, "00200d", "1-3"),
        (15369, "00200d", "2"),
        (02365, "00200e", "1-2-3"),
        (25452, "00300a", "1-2-3"),
        (85962, "00300b", "1-2-3");
        
        
        
#-------------------------------- altri materiali --------------------------------
set @@foreign_key_checks = 0; TRUNCATE TABLE altrimateriali; set @@foreign_key_checks = 1;

INSERT INTO altrimateriali(CodiceLotto, Lunghezza, Altezza, Larghezza)
VALUES
		(12596, 15.00, 1.50, 30.00),
        (12365, 16.00, 1.00, 25.00),
        (21459, 15.50, 1.50, 35.00),
        (99059, 10.00, 3.50, 30.00),
        (12563, 16.00, 1.50, 35.00),
        (99052, 10.00, 3.50, 32.00),
        (85796, 15.00, 1.50, 30.00),
        (98652, 11.00, 3.50, 30.00);
        
        
        
#-------------------------------- impiego --------------------------------
set @@foreign_key_checks = 0; TRUNCATE TABLE impiego; set @@foreign_key_checks = 1;

INSERT INTO impiego(AltriMateriali, Vano, Edificio)
VALUES
		(12596, 1, "aaaa1"),
        (12365, 3, "aaaa2"),
        (21459, 2, "aaaa3"),
        (99059, 1, "bbbb1"),
        (12563, 4, "dddd3"),
        (99052, 6, "dddd3"),
        (85796, 1, "aaaa2"),
        (98652, 2, "cccc7");
        
        
        
#-------------------------------- sensore --------------------------------
set @@foreign_key_checks = 0; TRUNCATE TABLE sensore; set @@foreign_key_checks = 1;

INSERT INTO sensore(ID, Tipo, Soglia, Edificio)
VALUES
		#Per la temperatura esterna
		("tabrt1", "termometro", 30, "aaaa1"),
        ("tabrt2", "termometro", 30, "aaaa2"),
        ("tabrt3", "termometro", 30, "aaaa3"),
        ("tabrt4", "termometro", 30, "aaaa4"),
        ("tabrt5", "termometro", 30, "aaaa5"),
        ("tabrt6", "termometro", 30, "aaaa6"),
        ("tabrt7", "termometro", 30, "aaaa7"),
        ("tabrt8", "termometro", 30, "aaaa8"),
        ("tabrt9", "termometro", 30, "bbbb1"),
        ("tabru1", "termometro", 30, "bbbb2"),
        ("tabru2", "termometro", 30, "aaaa9"),
        ("tabru3", "termometro", 30, "cccc7"),
        ("tabru4", "termometro", 30, "dddd6"),
        ("tabru5", "termometro", 30, "dddd1"),
        ("tabru6", "termometro", 30, "dddd3"),
        #Per l'umidit esterna
        ("irtrb1", "igrometro", 75, "aaaa1"),
        ("irtrb2", "igrometro", 75, "aaaa2"),
        ("irtrb3", "igrometro", 75, "aaaa3"),
        ("irtrb4", "igrometro", 75, "aaaa4"),
        ("irtrb5", "igrometro", 75, "aaaa5"),
        ("irtrb6", "igrometro", 75, "aaaa6"),
        ("irtrb7", "igrometro", 75, "aaaa7"),
        ("irtrb8", "igrometro", 75, "aaaa8"),
        ("irtrb9", "igrometro", 75, "bbbb1"),
        ("irtrc1", "igrometro", 75, "bbbb2"),
        ("irtrc2", "igrometro", 75, "aaaa9"),
        ("irtrc3", "igrometro", 75, "cccc7"),
        ("irtrc4", "igrometro", 75, "dddd6"),
        ("irtrc5", "igrometro", 75, "dddd1"),
        ("irtrc6", "igrometro", 75, "dddd3"),
        #Per livello precipitazione
        ("ptpp11", "pluviomentro", 5, "aaaa1"),
        ("ptpp12", "pluviomentro", 5, "aaaa2"),
        ("pftp13", "pluviomentro", 5, "aaaa3"),
        ("ptpp14", "pluviomentro", 5, "aaaa4"),
        ("pftp15", "pluviomentro", 5, "aaaa5"),
        ("pftp16", "pluviomentro", 5, "aaaa6"),
        ("pftp17", "pluviomentro", 5, "aaaa7"),
        ("pftp18", "pluviomentro", 5, "aaaa8"),
        ("pftp19", "pluviomentro", 5, "bbbb1"),
        ("pftp21", "pluviomentro", 5, "bbbb2"),
        ("pftp22", "pluviomentro", 5, "aaaa9"),
        ("pftp23", "pluviomentro", 5, "cccc7"),
        ("pftp24", "pluviomentro", 5, "dddd6"),
        ("pftp25", "pluviomentro", 5, "dddd1"),
        ("pftp26", "pluviomentro", 5, "dddd3"),
        #Per fughe di gas (SOGLIA 80 PPI)
        ("rgpp14", "rilevatore gas", 80, "aaaa1"),
        ("rgpp03", "rilevatore gas", 80, "aaaa7"),
        ("rigs23", "rilevatore gas", 80, "aaaa7"),
        ("rgpp50", "rilevatore gas", 80, "bbbb2"),
        ("rigs14", "rilevatore gas", 80, "dddd6"),
        ("rigs11", "rilevatore gas", 80, "aaaa3"),
        ("rigs06", "rilevatore gas", 80, "aaaa3"),
        ("rigs17", "rilevatore gas", 80, "aaaa4"),
        ("rigs35", "rilevatore gas", 80, "cccc7"),
        ("rigs68", "rilevatore gas", 80, "cccc7"),
        ("rigs02", "rilevatore gas", 80, "aaaa5"),
        ("rigs37", "rilevatore gas", 80, "aaaa6"),
        ("rigs59", "rilevatore gas", 80, "aaaa9"),
        ("rigs18", "rilevatore gas", 80, "dddd6"),
        ("rigs86", "rilevatore gas", 80, "dddd3"),
	    #Per allagamenti (SOGLIA 5 CM)
		("racq14", "rilevatore acqua", 5, "aaaa1"),
        ("racq03", "rilevatore acqua", 5, "aaaa1"),
        ("rila23", "rilevatore acqua", 5, "aaaa7"),
        ("racq50", "rilevatore acqua", 5, "bbbb2"),
        ("rila14", "rilevatore acqua", 5, "dddd6"),
        ("rila11", "rilevatore acqua", 5, "aaaa3"),
        ("rila06", "rilevatore acqua", 5, "aaaa6"),
        ("rila17", "rilevatore acqua", 5, "aaaa4"),
        ("rila35", "rilevatore acqua", 5, "cccc7"),
        ("rila68", "rilevatore acqua", 5, "cccc7"),
        ("rila02", "rilevatore acqua", 5, "dddd1"),
        ("rila37", "rilevatore acqua", 5, "dddd1"),
        ("rila59", "rilevatore acqua", 5, "aaaa9"),
        ("rila18", "rilevatore acqua", 5, "dddd6"),
        ("rila86", "rilevatore acqua", 5, "dddd3");
        
        
INSERT INTO sensore(ID, Tipo, Soglia, Vano, EdificioVano)
VALUES
		#Per la temperatura interna
		("aabr11", "termometro", 25, 2, "aaaa1"),
        ("aabr21", "termometro", 25, 3, "aaaa2"),
        ("aabr31", "termometro", 25, 1, "aaaa3"),
        ("aabr41", "termometro", 25, 1, "aaaa4"),
        ("aabr51", "termometro", 25, 1, "aaaa5"),
        ("aabr61", "termometro", 25, 2, "aaaa6"),
        ("aabr71", "termometro", 25, 1, "aaaa7"),
        ("aabr81", "termometro", 25, 2, "aaaa8"),
        ("aabr91", "termometro", 25, 1, "bbbb1"),
        ("aabs11", "termometro", 25, 2, "bbbb2"),
        ("aabs21", "termometro", 25, 1, "aaaa9"),
        ("aabs31", "termometro", 25, 1, "cccc7"),
        ("aabs41", "termometro", 25, 1, "dddd6"),
        ("aabs51", "termometro", 25, 2, "dddd1"),
        ("aabs61", "termometro", 25, 6, "dddd3"),
        ("aabr12", "termometro", 25, 3, "aaaa1"),
        ("aabr22", "termometro", 25, 4, "aaaa2"),
        ("aabr32", "termometro", 25, 3, "aaaa3"),
        ("aabr42", "termometro", 25, 2, "aaaa4"),
        ("aabr52", "termometro", 25, 4, "aaaa5"),
        ("aabr62", "termometro", 25, 4, "aaaa6"),
        ("aabr72", "termometro", 25, 4, "aaaa7"),
        ("aabr82", "termometro", 25, 3, "aaaa8"),
        ("aabr92", "termometro", 25, 2, "bbbb1"),
        ("aabs12", "termometro", 25, 3, "bbbb2"),
        ("aabs22", "termometro", 25, 2, "aaaa9"),
        ("aabs32", "termometro", 25, 2, "cccc7"),
        ("aabs42", "termometro", 25, 3, "dddd6"),
        ("aabs52", "termometro", 25, 3, "dddd1"),
        ("aabs62", "termometro", 25, 7, "dddd3"),
        #Per la umidit interna
		("ityh11", "igrometro", 75, 2, "aaaa1"),
        ("ityh21", "igrometro", 75, 3, "aaaa2"),
        ("ityh31", "igrometro", 75, 1, "aaaa3"),
        ("ityh41", "igrometro", 75, 1, "aaaa4"),
        ("ityh51", "igrometro", 75, 1, "aaaa5"),
        ("ityh61", "igrometro", 75, 2, "aaaa6"),
        ("ityh71", "igrometro", 75, 1, "aaaa7"),
        ("ityh81", "igrometro", 75, 2, "aaaa8"),
        ("ityh91", "igrometro", 75, 1, "bbbb1"),
        ("ityi11", "igrometro", 75, 2, "bbbb2"),
        ("ityi21", "igrometro", 75, 1, "aaaa9"),
        ("ityi31", "igrometro", 75, 1, "cccc7"),
        ("ityi41", "igrometro", 75, 1, "dddd6"),
        ("ityi51", "igrometro", 75, 2, "dddd1"),
        ("ityi61", "igrometro", 75, 6, "dddd3"),
        ("ityh12", "igrometro", 75, 3, "aaaa1"),
        ("ityh22", "igrometro", 75, 4, "aaaa2"),
        ("ityh32", "igrometro", 75, 3, "aaaa3"),
        ("ityh42", "igrometro", 75, 2, "aaaa4"),
        ("ityh52", "igrometro", 75, 4, "aaaa5"),
        ("ityh62", "igrometro", 75, 4, "aaaa6"),
        ("ityh72", "igrometro", 75, 4, "aaaa7"),
        ("ityh82", "igrometro", 75, 3, "aaaa8"),
        ("ityh92", "igrometro", 75, 2, "bbbb1"),
        ("ityi12", "igrometro", 75, 3, "bbbb2"),
        ("ityi22", "igrometro", 75, 2, "aaaa9"),
        ("ityi32", "igrometro", 75, 2, "cccc7"),
        ("ityi42", "igrometro", 75, 3, "dddd6"),
        ("ityi52", "igrometro", 75, 3, "dddd1"),
        ("ityi62", "igrometro", 75, 7, "dddd3");
        

INSERT INTO sensore(ID, Tipo, Soglia, Mura)
VALUES
		("acmt11", "accelerometro", "250", "00000a"),
        ("acmt12", "accelerometro", "250", "00000b"),
        ("acmt13", "accelerometro", "250", "00100z"),
        ("acmt21", "accelerometro", "250", "00400l"),
        ("acmt22", "accelerometro", "250", "00400b"),
        ("acmt23", "accelerometro", "250", "00400c"),
        ("acmt31", "accelerometro", "250", "00220a"),
        ("acmt32", "accelerometro", "250", "00400a"),
        ("acmt33", "accelerometro", "250", "00500a"),
        ("acmt41", "accelerometro", "250", "00400p"),
        ("acmt42", "accelerometro", "250", "00450a"),
        ("acmt43", "accelerometro", "250", "00100b"),
        ("acmt51", "accelerometro", "250", "00100c"),
        ("acmt52", "accelerometro", "250", "00200d"),
        ("acmt53", "accelerometro", "250", "00200e"),
        ("acmt61", "accelerometro", "250", "040a0a"),
        ("acmt62", "accelerometro", "250", "040b0a"),
        ("acmt63", "accelerometro", "250", "040c0a"),
        ("acmt71", "accelerometro", "250", "040d0a"),
        ("acmt72", "accelerometro", "250", "0500da"),
        ("acmt73", "accelerometro", "250", "0500ea"),
        ("acmt81", "accelerometro", "250", "0500fa"),
        ("acmt82", "accelerometro", "250", "0600fa"),
        ("acmt83", "accelerometro", "250", "10450a"),
        ("acmt91", "accelerometro", "250", "10100b"),
        ("acmt92", "accelerometro", "250", "10100c"),
        ("acmt93", "accelerometro", "250", "10200d"),
        ("acmu11", "accelerometro", "250", "10200e"),
        ("acmu12", "accelerometro", "250", "10300a"),
        ("acmu13", "accelerometro", "250", "10220a"),
        ("acmu21", "accelerometro", "250", "00300a"),
        ("acmu22", "accelerometro", "250", "00300b"),
        ("acmu23", "accelerometro", "250", "0070aa"),
        ("acmu31", "accelerometro", "250", "0070ba"),
        ("acmu32", "accelerometro", "250", "0070ca"),
        ("acmu33", "accelerometro", "250", "0070da"),
        ("acmu41", "accelerometro", "250", "00500z"),
        ("acmu42", "accelerometro", "250", "00500b"),
        ("acmu43", "accelerometro", "250", "00600c"),
        ("acmu51", "accelerometro", "250", "01000a"),
        ("acmu52", "accelerometro", "250", "01000b"),
        ("acmu53", "accelerometro", "250", "01000d"),
        ("acmu61", "accelerometro", "250", "02000a"),
        ("acmu62", "accelerometro", "250", "03000b"),
        ("acmu63", "accelerometro", "250", "03000a"),
        
        ("gimt11", "giroscopio", "800", "00000a"),
        ("gimt12", "giroscopio", "800", "00000b"),
        ("gimt13", "giroscopio", "800", "00100z"),
        ("gimt21", "giroscopio", "800", "00400l"),
        ("gimt22", "giroscopio", "800", "00400b"),
        ("gimt23", "giroscopio", "800", "00400c"),
        ("gimt31", "giroscopio", "800", "00220a"),
        ("gimt32", "giroscopio", "800", "00400a"),
        ("gimt33", "giroscopio", "800", "00500a"),
        ("gimt41", "giroscopio", "800", "00400p"),
        ("gimt42", "giroscopio", "800", "00450a"),
        ("gimt43", "giroscopio", "800", "00100b"),
        ("gimt51", "giroscopio", "800", "00100c"),
        ("gimt52", "giroscopio", "800", "00200d"),
        ("gimt53", "giroscopio", "800", "00200e"),
        ("gimt61", "giroscopio", "800", "040a0a"),
        ("gimt62", "giroscopio", "800", "040b0a"),
        ("gimt63", "giroscopio", "800", "040c0a"),
        ("gimt71", "giroscopio", "800", "040d0a"),
        ("gimt72", "giroscopio", "800", "0500da"),
        ("gimt73", "giroscopio", "800", "0500ea"),
        ("gimt81", "giroscopio", "800", "0500fa"),
        ("gimt82", "giroscopio", "800", "0600fa"),
        ("gimt83", "giroscopio", "800", "10450a"),
        ("gimt91", "giroscopio", "800", "10100b"),
        ("gimt92", "giroscopio", "800", "10100c"),
        ("gimt93", "giroscopio", "800", "10200d"),
        ("gimu11", "giroscopio", "800", "10200e"),
        ("gimu12", "giroscopio", "800", "10300a"),
        ("gimu13", "giroscopio", "800", "10220a"),
        ("gimu21", "giroscopio", "800", "00300a"),
        ("gimu22", "giroscopio", "800", "00300b"),
        ("gimu23", "giroscopio", "800", "0070aa"),
        ("gimu31", "giroscopio", "800", "0070ba"),
        ("gimu32", "giroscopio", "800", "0070ca"),
        ("gimu33", "giroscopio", "800", "0070da"),
        ("gimu41", "giroscopio", "800", "00500z"),
        ("gimu42", "giroscopio", "800", "00500b"),
        ("gimu43", "giroscopio", "800", "00600c"),
        ("gimu51", "giroscopio", "800", "01000a"),
        ("gimu52", "giroscopio", "800", "01000b"),
        ("gimu53", "giroscopio", "800", "01000d"),
        ("gimu61", "giroscopio", "800", "02000a"),
        ("gimu62", "giroscopio", "800", "03000b"),
        ("gimu63", "giroscopio", "800", "03000a"),
	
		("pomt11", "posizione", "10", "00000a"),
        ("pomt12", "posizione", "10", "00000b"),
        ("pomt13", "posizione", "10", "00100z"),
        ("pomt21", "posizione", "10", "00400l"),
        ("pomt22", "posizione", "10", "00400b"),
        ("pomt23", "posizione", "10", "00400c"),
        ("pomt31", "posizione", "10", "00220a"),
        ("pomt32", "posizione", "10", "00400a"),
        ("pomt33", "posizione", "10", "00500a"),
        ("pomt41", "posizione", "10", "00400p"),
        ("pomt42", "posizione", "10", "00450a"),
        ("pomt43", "posizione", "10", "00100b"),
        ("pomt51", "posizione", "10", "00100c"),
        ("pomt52", "posizione", "10", "00200d"),
        ("pomt53", "posizione", "10", "00200e"),
        ("pomt61", "posizione", "10", "040a0a"),
        ("pomt62", "posizione", "10", "040b0a"),
        ("pomt63", "posizione", "10", "040c0a"),
        ("pomt71", "posizione", "10", "040d0a"),
        ("pomt72", "posizione", "10", "0500da"),
        ("pomt73", "posizione", "10", "0500ea"),
        ("pomt81", "posizione", "10", "0500fa"),
        ("pomt82", "posizione", "10", "0600fa"),
        ("pomt83", "posizione", "10", "10450a"),
        ("pomt91", "posizione", "10", "10100b"),
        ("pomt92", "posizione", "10", "10100c"),
        ("pomt93", "posizione", "10", "10200d"),
        ("pomu11", "posizione", "10", "10200e"),
        ("pomu12", "posizione", "10", "10300a"),
        ("pomu13", "posizione", "10", "10220a"),
        ("pomu21", "posizione", "10", "00300a"),
        ("pomu22", "posizione", "10", "00300b"),
        ("pomu23", "posizione", "10", "0070aa"),
        ("pomu31", "posizione", "10", "0070ba"),
        ("pomu32", "posizione", "10", "0070ca"),
        ("pomu33", "posizione", "10", "0070da"),
        ("pomu41", "posizione", "10", "00500z"),
        ("pomu42", "posizione", "10", "00500b"),
        ("pomu43", "posizione", "10", "00600c"),
        ("pomu51", "posizione", "10", "01000a"),
        ("pomu52", "posizione", "10", "01000b"),
        ("pomu53", "posizione", "10", "01000d"),
        ("pomu61", "posizione", "10", "02000a"),
        ("pomu62", "posizione", "10", "03000b"),
        ("pomu63", "posizione", "10", "03000a");



#-------------------------------- misurazione --------------------------------
set @@foreign_key_checks = 0; TRUNCATE TABLE misurazione; set @@foreign_key_checks = 1;

INSERT INTO misurazione(Sensore, DataRilevamento, Tipologia, Intensita, UnitaDiMisura, Alert)
VALUES
		("tabrt1", "2019-12-25 14:00", "temperatura esterna", 9, "gradi celsius", false),
        ("tabrt2", "2018-11-24 16:00", "temperatura esterna", 12, "gradi celsius", false),
        ("tabrt3", "2017-06-26 17:30", "temperatura esterna", 25, "gradi celsius", false),
        ("tabrt4", "2019-03-12 11:30", "temperatura esterna", 15, "gradi celsius", false),
        ("tabrt5", "2018-04-21 21:00", "temperatura esterna", 15, "gradi celsius", false),
        ("tabrt6", "2020-05-20 12:30", "temperatura esterna", 26, "gradi celsius", false),
        ("tabrt7", "2017-06-06 18:15", "temperatura esterna", 18, "gradi celsius", false),
        ("tabrt8", "2019-06-24 17:02", "temperatura esterna", 26, "gradi celsius", false),
        ("tabrt9", "2016-02-29 13:14", "temperatura esterna", 6, "gradi celsius", false),
        ("tabru1", "2017-11-11 15:19", "temperatura esterna", 12, "gradi celsius", false),
        ("tabru2", "2020-05-05 17:20", "temperatura esterna", 24, "gradi celsius", false),
        ("tabru3", "2018-06-08 20:18", "temperatura esterna", 22, "gradi celsius", false),
        ("tabru4", "2017-04-05 12:30", "temperatura esterna", 21, "gradi celsius", false),
        ("tabru5", "2016-08-18 16:05", "temperatura esterna", 35, "gradi celsius", true),
        ("tabru6", "2021-09-19 17:25", "temperatura esterna", 31, "gradi celsius", true),
        
        ("irtrb1", "2018-07-07 05:34", "umidita esterna", 55, "percentuale", false),
        ("irtrb2", "2016-06-02 19:21", "umidita esterna", 51, "percentuale", false),
        ("irtrb3", "2019-08-23 21:42", "umidita esterna", 63, "percentuale", false),
        ("irtrb4", "2017-09-28 13:52", "umidita esterna", 47, "percentuale", false),
        ("irtrb5", "2019-04-05 08:14", "umidita esterna", 45, "percentuale", false),
        ("irtrb6", "2022-03-20 16:35", "umidita esterna", 41, "percentuale", false),
        ("irtrb7", "2020-10-18 11:01", "umidita esterna", 42, "percentuale", false),
        ("irtrb8", "2017-12-14 14:35", "umidita esterna", 85, "percentuale", true),
        ("irtrb9", "2019-04-25 04:22", "umidita esterna", 41, "percentuale", false),
        ("irtrc1", "2021-07-30 23:03", "umidita esterna", 65, "percentuale", false),
        ("irtrc2", "2022-06-26 14:12", "umidita esterna", 58, "percentuale", false),
        ("irtrc3", "2018-04-01 03:54", "umidita esterna", 43, "percentuale", false),
        ("irtrc4", "2016-07-20 17:56", "umidita esterna", 76, "percentuale", true),
        ("irtrc5", "2020-11-25 06:51", "umidita esterna", 62, "percentuale", false),
        ("irtrc6", "2017-04-11 21:04", "umidita esterna", 32, "percentuale", false),
        
        ("ptpp11", "2017-02-23 23:56", "livello precipitazione giornaliere", 4, "cm", false),
        ("ptpp12", "2020-03-16 11:03", "livello precipitazione giornaliere", 2, "cm", false),
        ("pftp13", "2022-12-10 16:54", "livello precipitazione giornaliere", 0, "cm", false),
        ("ptpp14", "2016-05-14 10:43", "livello precipitazione giornaliere", 1, "cm", false),
        ("pftp15", "2019-04-20 00:55", "livello precipitazione giornaliere", 2, "cm", false),
        ("pftp16", "2018-06-06 13:52", "livello precipitazione giornaliere", 6, "cm", true),
        ("pftp17", "2021-09-17 20:15", "livello precipitazione giornaliere", 1, "cm", false),
        ("pftp18", "2019-12-30 07:18", "livello precipitazione giornaliere", 1, "cm", false),
        ("pftp19", "2016-10-21 04:23", "livello precipitazione giornaliere", 2, "cm", false),
        ("pftp21", "2017-01-03 15:43", "livello precipitazione giornaliere", 1, "cm", false),
        ("pftp22", "2019-03-10 19:35", "livello precipitazione giornaliere", 2, "cm", false),
        ("pftp23", "2022-10-21 10:02", "livello precipitazione giornaliere", 2, "cm", false),
        ("pftp24", "2020-01-13 23:46", "livello precipitazione giornaliere", 6, "cm", true),
        ("pftp25", "2021-09-20 08:24", "livello precipitazione giornaliere", 6, "cm", true),
        ("pftp26", "2017-02-14 11:31", "livello precipitazione giornaliere", 2, "cm", false),
        
		("rgpp14", "2019-04-07 12:13", "livello gas nell'aria", 90, "ppi", true),
        ("rigs35", "2021-06-10 10:05", "livello gas nell'aria", 100, "ppi", true),
        ("rigs59", "2018-11-02 08:34", "livello gas nell'aria", 81, "ppi", true),
        ("rigs23", "2020-05-07 03:14", "livello gas nell'aria", 10, "ppi", false),
        
        ("racq14", "2019-03-17 10:10", "livello acqua sul pavimento", 9.5, "cm", true),
        ("rila23", "2019-03-17 11:32", "livello acqua sul pavimento", 9.8, "cm", true),
        ("rila18", "2019-03-17 11:32", "livello acqua sul pavimento", 3.7, "cm", false),
        ("rila11", "2020-05-04 00:10", "livello acqua sul pavimento", 5.1, "cm", true),
        ("rila17", "2020-05-04 04:42", "livello acqua sul pavimento", 7.3, "cm", true),
        ("rila11", "2020-05-04 00:02", "livello acqua sul pavimento", 4.9, "cm", false),
        
        ("aabr11", "2017-12-14 14:35", "temperatura interna", 16, "gradi celsius", false),
        ("aabr21", "2021-07-30 23:03", "temperatura interna", 24, "gradi celsius", false),
        ("aabr31", "2017-06-26 17:30", "temperatura interna", 20, "gradi celsius", false),
        ("aabr41", "2017-12-14 14:35", "temperatura interna", 17, "gradi celsius", false),
        ("aabr51", "2019-03-12 11:30", "temperatura interna", 19, "gradi celsius", false),
        ("aabr61", "2018-04-21 21:00", "temperatura interna", 21, "gradi celsius", false),
        ("aabr71", "2020-05-20 12:30", "temperatura interna", 24, "gradi celsius", false),
        ("aabr81", "2017-06-06 18:15", "temperatura interna", 20, "gradi celsius", false),
        ("aabr91", "2018-06-08 20:18", "temperatura interna", 25, "gradi celsius", false),
        ("aabs11", "2022-12-10 16:54", "temperatura interna", 22, "gradi celsius", false),
        ("aabs21", "2016-05-14 10:43", "temperatura interna", 25, "gradi celsius", false),
        ("aabs31", "2019-04-20 00:55", "temperatura interna", 19, "gradi celsius", false),
        ("aabs41", "2018-06-06 13:52", "temperatura interna", 23, "gradi celsius", false),
        ("aabs51", "2021-09-17 20:15", "temperatura interna", 18, "gradi celsius", false),
        ("aabs61", "2019-12-30 07:18", "temperatura interna", 18, "gradi celsius", false),
        ("aabr12", "2016-10-21 04:23", "temperatura interna", 16, "gradi celsius", false),
        ("aabr22", "2017-01-03 15:43", "temperatura interna", 24, "gradi celsius", false),
        ("aabr32", "2016-06-02 19:21", "temperatura interna", 20, "gradi celsius", false),
        ("aabr42", "2019-08-16 21:42", "temperatura interna", 30, "gradi celsius", true),
        ("aabr52", "2017-09-28 13:52", "temperatura interna", 23, "gradi celsius", false),
        ("aabr62", "2019-04-05 08:14", "temperatura interna", 16, "gradi celsius", false),
        ("aabr72", "2022-03-20 16:35", "temperatura interna", 22, "gradi celsius", false),
        ("aabr82", "2020-10-18 11:01", "temperatura interna", 20, "gradi celsius", false),
        ("aabr92", "2017-08-14 14:35", "temperatura interna", 22, "gradi celsius", false),
        ("aabs12", "2019-04-25 04:22", "temperatura interna", 23, "gradi celsius", false),
        ("aabs22", "2021-07-30 13:03", "temperatura interna", 23, "gradi celsius", false),
        ("aabs32", "2022-06-26 14:12", "temperatura interna", 20, "gradi celsius", false),
        ("aabs42", "2018-04-01 03:54", "temperatura interna", 21, "gradi celsius", false),
        ("aabs52", "2016-07-20 17:56", "temperatura interna", 27, "gradi celsius", false),
        ("aabs62", "2020-03-16 11:03", "temperatura interna", 20, "gradi celsius", false),
        
		("ityh11", "2017-06-26 17:30", "umidita interna", 68, "percentuale", false),
        ("ityh21", "2018-04-21 21:00", "umidita interna", 43, "percentuale", false),
        ("ityh31", "2019-03-12 11:30", "umidita interna", 60, "percentuale", false),
        ("ityh41", "2021-07-30 23:03", "umidita interna", 53, "percentuale", false),
        ("ityh51", "2020-10-18 11:01", "umidita interna", 46, "percentuale", false),
        ("ityh61", "2017-12-14 14:35", "umidita interna", 78, "percentuale", true),
        ("ityh71", "2020-05-20 12:30", "umidita interna", 41, "percentuale", false),
        ("ityh81", "2018-04-21 21:00", "umidita interna", 58, "percentuale", false),
        ("ityh91", "2022-09-08 20:18", "umidita interna", 72, "percentuale", false),
        ("ityi11", "2021-07-30 23:03", "umidita interna", 67, "percentuale", false),
        ("ityi21", "2022-12-10 16:54", "umidita interna", 70, "percentuale", false),
        ("ityi31", "2018-06-06 13:52", "umidita interna", 80, "percentuale", true),
        ("ityi41", "2021-09-17 20:15", "umidita interna", 56, "percentuale", false),
        ("ityi51", "2019-12-30 07:18", "umidita interna", 62, "percentuale", false),
        ("ityi61", "2016-06-02 19:21", "umidita interna", 74, "percentuale", false),
        ("ityh12", "2019-08-23 21:42", "umidita interna", 71, "percentuale", false),
        ("ityh22", "2019-04-05 08:14", "umidita interna", 47, "percentuale", false),
        ("ityh32", "2022-03-20 16:35", "umidita interna", 52, "percentuale", false),
        ("ityh42", "2020-10-18 11:01", "umidita interna", 55, "percentuale", false),
        ("ityh52", "2018-04-01 03:54", "umidita interna", 48, "percentuale", false),
        ("ityh62", "2016-07-20 17:56", "umidita interna", 73, "percentuale", false),
        ("ityh72", "2017-06-06 18:15", "umidita interna", 79, "percentuale", true),
        ("ityh82", "2018-06-08 20:18", "umidita interna", 63, "percentuale", false),
        ("ityh92", "2022-10-14 10:43", "umidita interna", 74, "percentuale", false),
        ("ityi12", "2019-04-20 00:55", "umidita interna", 71, "percentuale", false),
        ("ityi22", "2020-11-25 06:51", "umidita interna", 72, "percentuale", false),
        ("ityi32", "2019-06-24 17:02", "umidita interna", 67, "percentuale", false),
        ("ityi42", "2017-04-25 18:14", "umidita interna", 61, "percentuale", false),
        ("ityi52", "2021-12-10 12:41", "umidita interna", 57, "percentuale", false),
        ("ityi62", "2016-07-20 17:56", "umidita interna", 74, "percentuale", false),
       
		("acmt11", "2022-09-01 00:00", "accelerazione x", 247.8, "metro al secondo quadro", false),
        ("acmt11", "2022-08-01 00:00", "accelerazione x", 113.48, "metro al secondo quadro", false),
        ("acmt11", "2022-07-01 00:00", "accelerazione x", 214.77, "metro al secondo quadro", false),
        ("acmt11", "2022-06-01 00:00", "accelerazione x", 247.62, "metro al secondo quadro", false),
        ("acmt11", "2022-05-01 00:00", "accelerazione x", 127.06, "metro al secondo quadro", false),
        ("acmt61", "2022-09-01 00:00", "accelerazione x", 240.5, "metro al secondo quadro", false),
        ("acmt61", "2022-08-01 00:00", "accelerazione x", 241.28, "metro al secondo quadro", false),
        ("acmt61", "2022-07-01 00:00", "accelerazione x", 93.76, "metro al secondo quadro", false),
        ("acmt61", "2022-06-01 00:00", "accelerazione x", 247.13, "metro al secondo quadro", false),
        ("acmt61", "2022-05-01 00:00", "accelerazione x", 42.01, "metro al secondo quadro", false),
        ("acmu21", "2022-09-01 00:00", "accelerazione x", 54.9, "metro al secondo quadro", false),
        ("acmu21", "2022-08-01 00:00", "accelerazione x", 223.51, "metro al secondo quadro", false),
        ("acmu21", "2022-07-01 00:00", "accelerazione x", 157.32, "metro al secondo quadro", false),
        ("acmu21", "2022-06-01 00:00", "accelerazione x", 139.13, "metro al secondo quadro", false),
        ("acmu21", "2022-05-01 00:00", "accelerazione x", 155.01, "metro al secondo quadro", false),
        ("acmt43", "2022-09-01 00:00", "accelerazione x", 81.2, "metro al secondo quadro", false),
        ("acmt43", "2022-08-01 00:00", "accelerazione x", 23.58, "metro al secondo quadro", false),
        ("acmt43", "2022-07-01 00:00", "accelerazione x", 226.55, "metro al secondo quadro", false),
        ("acmt43", "2022-06-01 00:00", "accelerazione x", 113.5, "metro al secondo quadro", false),
        ("acmt43", "2022-05-01 00:00", "accelerazione x", 239.54, "metro al secondo quadro", false),
        ("acmt93", "2022-09-01 00:00", "accelerazione x", 125.37, "metro al secondo quadro", false),
        ("acmt93", "2022-08-01 00:00", "accelerazione x", 197.68, "metro al secondo quadro", false),
        ("acmt93", "2022-07-01 00:00", "accelerazione x", 74, "metro al secondo quadro", false),
        ("acmt93", "2022-06-01 00:00", "accelerazione x", 89.8, "metro al secondo quadro", false),
        ("acmt93", "2022-05-01 00:00", "accelerazione x", 193.34, "metro al secondo quadro", false),
        ("acmu53", "2022-09-01 00:00", "accelerazione x", 217.87, "metro al secondo quadro", false),
        ("acmu53", "2022-08-01 00:00", "accelerazione x", 243.73, "metro al secondo quadro", false),
        ("acmu53", "2022-07-01 00:00", "accelerazione x", 63.45, "metro al secondo quadro", false),
        ("acmu53", "2022-06-01 00:00", "accelerazione x", 99.61, "metro al secondo quadro", false),
        ("acmu53", "2022-05-01 00:00", "accelerazione x", 141.82, "metro al secondo quadro", false),
        ("acmt53", "2022-09-01 00:00", "accelerazione x", 147.8, "metro al secondo quadro", false),
        ("acmt53", "2022-08-01 00:00", "accelerazione x", 164.42, "metro al secondo quadro", false),
        ("acmt53", "2022-07-01 00:00", "accelerazione x", 87, "metro al secondo quadro", false),
        ("acmt53", "2022-06-01 00:00", "accelerazione x", 77.58, "metro al secondo quadro", false),
        ("acmt53", "2022-05-01 00:00", "accelerazione x", 80.24, "metro al secondo quadro", false),
        ("acmu13", "2022-09-01 00:00", "accelerazione x", 47.96, "metro al secondo quadro", false),
        ("acmu13", "2022-08-01 00:00", "accelerazione x", 210.58, "metro al secondo quadro", false),
        ("acmu13", "2022-07-01 00:00", "accelerazione x", 236.93, "metro al secondo quadro", false),
        ("acmu13", "2022-06-01 00:00", "accelerazione x", 150.05, "metro al secondo quadro", false),
        ("acmu13", "2022-05-01 00:00", "accelerazione x", 160.87, "metro al secondo quadro", false),
        ("acmu63", "2022-09-01 00:00", "accelerazione x", 46.7, "metro al secondo quadro", false),
        ("acmu63", "2022-08-01 00:00", "accelerazione x", 58.77, "metro al secondo quadro", false),
        ("acmu63", "2022-07-01 00:00", "accelerazione x", 155.74, "metro al secondo quadro", false),
        ("acmu63", "2022-06-01 00:00", "accelerazione x", 12.52, "metro al secondo quadro", false),
        ("acmu63", "2022-05-01 00:00", "accelerazione x", 139.34, "metro al secondo quadro", false),
        ("acmt61", "2019-04-07 12:13", "accelerazione x", 275.62, "metro al secondo quadro", true),
        ("acmt43", "2021-06-10 10:05", "accelerazione x", 269.67, "metro al secondo quadro", true),
        ("acmu63", "2020-11-21 11:31", "accelerazione x", 399.74, "metro al secondo quadro", true),
        ("acmu53", "2022-08-26 22:01", "accelerazione x", 340.51, "metro al secondo quadro", true),
        ("acmt93", "2021-07-05 03:39", "accelerazione x", 311.51, "metro al secondo quadro", true),
        ("acmt53", "2020-12-20 02:44", "accelerazione x", 319.36, "metro al secondo quadro", true),
        ("acmu63", "2022-07-20 06:39", "accelerazione x", 304.74, "metro al secondo quadro", true),
        ("acmt53", "2020-02-15 10:33", "accelerazione x", 319.36, "metro al secondo quadro", true),
        ("acmt93", "2019-01-26 19:32", "accelerazione x", 311.51, "metro al secondo quadro", true),
        ("acmu13", "2019-10-12 08:07", "accelerazione x", 367.37, "metro al secondo quadro", true),
        ("acmt11", "2019-07-31 09:24", "accelerazione x", 272.91, "metro al secondo quadro", true),
        ("acmu53", "2019-06-15 03:45", "accelerazione x", 340.51, "metro al secondo quadro", true),
        ("acmt43", "2020-01-12 12:50", "accelerazione x", 269.67, "metro al secondo quadro", true),
        ("acmt11", "2021-06-10 04:21", "accelerazione x", 272.91, "metro al secondo quadro", true),
        ("acmu13", "2021-02-09 01:33", "accelerazione x", 367.37, "metro al secondo quadro", true),
        ("acmu21", "2020-07-03 02:37", "accelerazione x", 300.07, "metro al secondo quadro", true),
        ("acmt43", "2021-05-14 04:07", "accelerazione x", 269.67, "metro al secondo quadro", true),
        ("acmt93", "2018-05-06 23:27", "accelerazione x", 311.51, "metro al secondo quadro", true),
        ("acmt43", "2018-01-29 01:28", "accelerazione x", 269.67, "metro al secondo quadro", true),
        ("acmu53", "2021-02-23 07:27", "accelerazione x", 340.51, "metro al secondo quadro", true),

		("acmt11", "2022-09-01 00:00", "accelerazione y", 179.03, "metro al secondo quadro", false),
        ("acmt11", "2022-08-01 00:00", "accelerazione y", 220.79, "metro al secondo quadro", false),
        ("acmt11", "2022-07-01 00:00", "accelerazione y", 198.78, "metro al secondo quadro", false),
        ("acmt11", "2022-06-01 00:00", "accelerazione y", 214.32, "metro al secondo quadro", false),
        ("acmt11", "2022-05-01 00:00", "accelerazione y", 115.84, "metro al secondo quadro", false),
        ("acmt61", "2022-09-01 00:00", "accelerazione y", 168.19, "metro al secondo quadro", false),
        ("acmt61", "2022-08-01 00:00", "accelerazione y", 137.16, "metro al secondo quadro", false),
        ("acmt61", "2022-07-01 00:00", "accelerazione y", 145.18, "metro al secondo quadro", false),
        ("acmt61", "2022-06-01 00:00", "accelerazione y", 93.33, "metro al secondo quadro", false),
        ("acmt61", "2022-05-01 00:00", "accelerazione y", 136.11, "metro al secondo quadro", false),
        ("acmu21", "2022-09-01 00:00", "accelerazione y", 130.68, "metro al secondo quadro", false),
        ("acmu21", "2022-08-01 00:00", "accelerazione y", 140.06, "metro al secondo quadro", false),
        ("acmu21", "2022-07-01 00:00", "accelerazione y", 217.89, "metro al secondo quadro", false),
        ("acmu21", "2022-06-01 00:00", "accelerazione y", 72.2, "metro al secondo quadro", false),
        ("acmu21", "2022-05-01 00:00", "accelerazione y", 74.54, "metro al secondo quadro", false),
        ("acmt43", "2022-09-01 00:00", "accelerazione y", 97.51, "metro al secondo quadro", false),
        ("acmt43", "2022-08-01 00:00", "accelerazione y", 33.47, "metro al secondo quadro", false),
        ("acmt43", "2022-07-01 00:00", "accelerazione y", 79.83, "metro al secondo quadro", false),
        ("acmt43", "2022-06-01 00:00", "accelerazione y", 48.45, "metro al secondo quadro", false),
        ("acmt43", "2022-05-01 00:00", "accelerazione y", 115.61, "metro al secondo quadro", false),
        ("acmt93", "2022-09-01 00:00", "accelerazione y", 227.6, "metro al secondo quadro", false),
        ("acmt93", "2022-08-01 00:00", "accelerazione y", 29.52, "metro al secondo quadro", false),
        ("acmt93", "2022-07-01 00:00", "accelerazione y", 139.59, "metro al secondo quadro", false),
        ("acmt93", "2022-06-01 00:00", "accelerazione y", 172.27, "metro al secondo quadro", false),
        ("acmt93", "2022-05-01 00:00", "accelerazione y", 17.12, "metro al secondo quadro", false),
        ("acmu53", "2022-09-01 00:00", "accelerazione y", 80.88, "metro al secondo quadro", false),
        ("acmu53", "2022-08-01 00:00", "accelerazione y", 170.42, "metro al secondo quadro", false),
        ("acmu53", "2022-07-01 00:00", "accelerazione y", 141.47, "metro al secondo quadro", false),
        ("acmu53", "2022-06-01 00:00", "accelerazione y", 102.39, "metro al secondo quadro", false),
        ("acmu53", "2022-05-01 00:00", "accelerazione y", 241.14, "metro al secondo quadro", false),
        ("acmt53", "2022-09-01 00:00", "accelerazione y", 149.17, "metro al secondo quadro", false),
        ("acmt53", "2022-08-01 00:00", "accelerazione y", 168.92, "metro al secondo quadro", false),
        ("acmt53", "2022-07-01 00:00", "accelerazione y", 130.17, "metro al secondo quadro", false),
        ("acmt53", "2022-06-01 00:00", "accelerazione y", 94.48, "metro al secondo quadro", false),
        ("acmt53", "2022-05-01 00:00", "accelerazione y", 235.16, "metro al secondo quadro", false),
        ("acmu13", "2022-09-01 00:00", "accelerazione y", 42.01, "metro al secondo quadro", false),
        ("acmu13", "2022-08-01 00:00", "accelerazione y", 58.39, "metro al secondo quadro", false),
        ("acmu13", "2022-07-01 00:00", "accelerazione y", 101.99, "metro al secondo quadro", false),
        ("acmu13", "2022-06-01 00:00", "accelerazione y", 65.38, "metro al secondo quadro", false),
        ("acmu13", "2022-05-01 00:00", "accelerazione y", 230.85, "metro al secondo quadro", false),
        ("acmu63", "2022-09-01 00:00", "accelerazione y", 98.4, "metro al secondo quadro", false),
        ("acmu63", "2022-08-01 00:00", "accelerazione y", 34.05, "metro al secondo quadro", false),
        ("acmu63", "2022-07-01 00:00", "accelerazione y", 164.71, "metro al secondo quadro", false),
        ("acmu63", "2022-06-01 00:00", "accelerazione y", 228.89, "metro al secondo quadro", false),
        ("acmu63", "2022-05-01 00:00", "accelerazione y", 182.26, "metro al secondo quadro", false),
		("acmt43", "2017-12-09 12:58", "accelerazione y", 377.96, "metro al secondo quadro", true),
        ("acmt43", "2018-06-13 14:15", "accelerazione y", 377.96, "metro al secondo quadro", true),
        ("acmt61", "2019-04-07 12:13", "accelerazione y", 363.53, "metro al secondo quadro", true),
        ("acmu21", "2017-07-23 18:46", "accelerazione y", 328.1, "metro al secondo quadro", true),
        ("acmu21", "2017-07-25 22:11", "accelerazione y", 328.1, "metro al secondo quadro", true),
        ("acmu63", "2018-01-12 09:52", "accelerazione y", 378.47, "metro al secondo quadro", true),
        ("acmt93", "2017-06-26 18:45", "accelerazione y", 358.62, "metro al secondo quadro", true),
        ("acmt43", "2019-12-01 13:27", "accelerazione y", 377.96, "metro al secondo quadro", true),
        ("acmt53", "2017-10-19 12:52", "accelerazione y", 376.3, "metro al secondo quadro", true),
        ("acmt43", "2021-06-10 10:05", "accelerazione y", 380.16, "metro al secondo quadro", true),
        ("acmt93", "2017-07-20 04:18", "accelerazione y", 358.62, "metro al secondo quadro", true),
        ("acmu21", "2018-08-14 19:35", "accelerazione y", 328.1, "metro al secondo quadro", true),
        ("acmt11", "2022-09-17 13:15", "accelerazione y", 294.69, "metro al secondo quadro", true),
        ("acmu13", "2018-10-01 23:53", "accelerazione y", 348.98, "metro al secondo quadro", true),
        ("acmu21", "2018-09-30 21:45", "accelerazione y", 328.1, "metro al secondo quadro", true),
        ("acmu63", "2017-01-28 14:34", "accelerazione y", 378.47, "metro al secondo quadro", true),
        ("acmu53", "2018-07-16 07:15", "accelerazione y", 295.67, "metro al secondo quadro", true),
        ("acmt11", "2018-11-28 11:58", "accelerazione y", 294.69, "metro al secondo quadro", true),
        ("acmt53", "2020-03-09 20:20", "accelerazione y", 376.3, "metro al secondo quadro", true),
        ("acmu53", "2021-04-03 13:56", "accelerazione y", 295.67, "metro al secondo quadro", true),
   
		("acmt11", "2022-09-01 00:00", "accelerazione z", 144.51, "metro al secondo quadro", false),
        ("acmt11", "2022-08-01 00:00", "accelerazione z", 228.45, "metro al secondo quadro", false),
        ("acmt11", "2022-07-01 00:00", "accelerazione z", 32.02, "metro al secondo quadro", false),
        ("acmt11", "2022-06-01 00:00", "accelerazione z", 165.02, "metro al secondo quadro", false),
        ("acmt11", "2022-05-01 00:00", "accelerazione z", 23.59, "metro al secondo quadro", false),
        ("acmt61", "2022-09-01 00:00", "accelerazione z", 158.62, "metro al secondo quadro", false),
        ("acmt61", "2022-08-01 00:00", "accelerazione z", 215.53, "metro al secondo quadro", false),
        ("acmt61", "2022-07-01 00:00", "accelerazione z", 63.73, "metro al secondo quadro", false),
        ("acmt61", "2022-06-01 00:00", "accelerazione z", 122.78, "metro al secondo quadro", false),
        ("acmt61", "2022-05-01 00:00", "accelerazione z", 80.97, "metro al secondo quadro", false),
        ("acmu21", "2022-09-01 00:00", "accelerazione z", 27.5, "metro al secondo quadro", false),
        ("acmu21", "2022-08-01 00:00", "accelerazione z", 28.87, "metro al secondo quadro", false),
        ("acmu21", "2022-07-01 00:00", "accelerazione z", 14.32, "metro al secondo quadro", false),
        ("acmu21", "2022-06-01 00:00", "accelerazione z", 23.74, "metro al secondo quadro", false),
        ("acmu21", "2022-05-01 00:00", "accelerazione z", 227.41, "metro al secondo quadro", false),
        ("acmt43", "2022-09-01 00:00", "accelerazione z", 160.96, "metro al secondo quadro", false),
        ("acmt43", "2022-08-01 00:00", "accelerazione z", 20.3, "metro al secondo quadro", false),
        ("acmt43", "2022-07-01 00:00", "accelerazione z", 30.1, "metro al secondo quadro", false),
        ("acmt43", "2022-06-01 00:00", "accelerazione z", 92.72, "metro al secondo quadro", false),
        ("acmt43", "2022-05-01 00:00", "accelerazione z", 210.4, "metro al secondo quadro", false),
        ("acmt93", "2022-09-01 00:00", "accelerazione z", 242.33, "metro al secondo quadro", false),
        ("acmt93", "2022-08-01 00:00", "accelerazione z", 223.22, "metro al secondo quadro", false),
        ("acmt93", "2022-07-01 00:00", "accelerazione z", 218.67, "metro al secondo quadro", false),
        ("acmt93", "2022-06-01 00:00", "accelerazione z", 209.84, "metro al secondo quadro", false),
        ("acmt93", "2022-05-01 00:00", "accelerazione z", 124.7, "metro al secondo quadro", false),
        ("acmu53", "2022-09-01 00:00", "accelerazione z", 40.89, "metro al secondo quadro", false),
        ("acmu53", "2022-08-01 00:00", "accelerazione z", 17.75, "metro al secondo quadro", false),
        ("acmu53", "2022-07-01 00:00", "accelerazione z", 212.19, "metro al secondo quadro", false),
        ("acmu53", "2022-06-01 00:00", "accelerazione z", 219.44, "metro al secondo quadro", false),
        ("acmu53", "2022-05-01 00:00", "accelerazione z", 105.46, "metro al secondo quadro", false),
        ("acmt53", "2022-09-01 00:00", "accelerazione z", 148.58, "metro al secondo quadro", false),
        ("acmt53", "2022-08-01 00:00", "accelerazione z", 34.14, "metro al secondo quadro", false),
        ("acmt53", "2022-07-01 00:00", "accelerazione z", 216.45, "metro al secondo quadro", false),
        ("acmt53", "2022-06-01 00:00", "accelerazione z", 35.94, "metro al secondo quadro", false),
        ("acmt53", "2022-05-01 00:00", "accelerazione z", 180.98, "metro al secondo quadro", false),
        ("acmu13", "2022-09-01 00:00", "accelerazione z", 35.35, "metro al secondo quadro", false),
        ("acmu13", "2022-08-01 00:00", "accelerazione z", 228.37, "metro al secondo quadro", false),
        ("acmu13", "2022-07-01 00:00", "accelerazione z", 138.42, "metro al secondo quadro", false),
        ("acmu13", "2022-06-01 00:00", "accelerazione z", 12.05, "metro al secondo quadro", false),
        ("acmu13", "2022-05-01 00:00", "accelerazione z", 227.56, "metro al secondo quadro", false),
        ("acmu63", "2022-09-01 00:00", "accelerazione z", 40.94, "metro al secondo quadro", false),
        ("acmu63", "2022-08-01 00:00", "accelerazione z", 194.51, "metro al secondo quadro", false),
        ("acmu63", "2022-07-01 00:00", "accelerazione z", 220.78, "metro al secondo quadro", false),
        ("acmu63", "2022-06-01 00:00", "accelerazione z", 11.01, "metro al secondo quadro", false),
        ("acmu63", "2022-05-01 00:00", "accelerazione z", 214.11, "metro al secondo quadro", false),
		("acmt93", "2017-11-27 12:02", "accelerazione z", 294.75, "metro al secondo quadro", true),
        ("acmu53", "2022-09-24 09:23", "accelerazione z", 302.72, "metro al secondo quadro", true),
        ("acmu53", "2022-01-24 01:01", "accelerazione z", 302.72, "metro al secondo quadro", true),
        ("acmu21", "2019-04-01 01:26", "accelerazione z", 263.35, "metro al secondo quadro", true),
        ("acmt93", "2018-09-16 03:09", "accelerazione z", 294.75, "metro al secondo quadro", true),
        ("acmu21", "2021-07-07 19:34", "accelerazione z", 263.35, "metro al secondo quadro", true),
        ("acmt61", "2019-04-07 12:13", "accelerazione z", 326.2, "metro al secondo quadro", true),
        ("acmt93", "2018-10-16 20:40", "accelerazione z", 294.75, "metro al secondo quadro", true),
        ("acmu63", "2020-05-11 06:48", "accelerazione z", 256.4, "metro al secondo quadro", true),
        ("acmu13", "2019-01-31 10:57", "accelerazione z", 380.8, "metro al secondo quadro", true),
        ("acmt43", "2019-05-29 13:45", "accelerazione z", 263.95, "metro al secondo quadro", true),
        ("acmt93", "2018-08-09 15:59", "accelerazione z", 294.75, "metro al secondo quadro", true),
        ("acmu63", "2019-04-03 13:37", "accelerazione z", 322.4, "metro al secondo quadro", true),
        ("acmt43", "2021-06-10 10:05", "accelerazione z", 268.05, "metro al secondo quadro", true),
        ("acmt93", "2022-09-01 17:57", "accelerazione z", 294.75, "metro al secondo quadro", true),
        ("acmu53", "2019-08-17 10:32", "accelerazione z", 302.72, "metro al secondo quadro", true),
        ("acmt53", "2022-01-29 17:24", "accelerazione z", 303.85, "metro al secondo quadro", true),
        ("acmu13", "2019-09-04 09:33", "accelerazione z", 255.8, "metro al secondo quadro", true),
        ("acmt93", "2020-06-07 16:20", "accelerazione z", 294.75, "metro al secondo quadro", true),
        ("acmu13", "2021-04-09 20:16", "accelerazione z", 251.8, "metro al secondo quadro", true),
        
		("gimt11", "2022-09-01 00:00", "velocita' angolare x", 115.04, "grado su secondo", false),
        ("gimt11", "2022-08-01 00:00", "velocita' angolare x", 374.2, "grado su secondo", false),
        ("gimt11", "2022-07-01 00:00", "velocita' angolare x", 608.92, "grado su secondo", false),
        ("gimt11", "2022-06-01 00:00", "velocita' angolare x", 719.78, "grado su secondo", false),
        ("gimt11", "2022-05-01 00:00", "velocita' angolare x", 470.01, "grado su secondo", false),
        ("gimt61", "2022-09-01 00:00", "velocita' angolare x", 357.47, "grado su secondo", false),
        ("gimt61", "2022-08-01 00:00", "velocita' angolare x", 511.21, "grado su secondo", false),
        ("gimt61", "2022-07-01 00:00", "velocita' angolare x", 184.69, "grado su secondo", false),
        ("gimt61", "2022-06-01 00:00", "velocita' angolare x", 94.2, "grado su secondo", false),
        ("gimt61", "2022-05-01 00:00", "velocita' angolare x", 94.22, "grado su secondo", false),
        ("gimu21", "2022-09-01 00:00", "velocita' angolare x", 428.19, "grado su secondo", false),
        ("gimu21", "2022-08-01 00:00", "velocita' angolare x", 249.83, "grado su secondo", false),
        ("gimu21", "2022-07-01 00:00", "velocita' angolare x", 398.55, "grado su secondo", false),
        ("gimu21", "2022-06-01 00:00", "velocita' angolare x", 333.23, "grado su secondo", false),
        ("gimu21", "2022-05-01 00:00", "velocita' angolare x", 355.37, "grado su secondo", false),
        ("gimt43", "2022-09-01 00:00", "velocita' angolare x", 487.28, "grado su secondo", false),
        ("gimt43", "2022-08-01 00:00", "velocita' angolare x", 168.22, "grado su secondo", false),
        ("gimt43", "2022-07-01 00:00", "velocita' angolare x", 315.03, "grado su secondo", false),
        ("gimt43", "2022-06-01 00:00", "velocita' angolare x", 795.13, "grado su secondo", false),
        ("gimt43", "2022-05-01 00:00", "velocita' angolare x", 238.15, "grado su secondo", false),
        ("gimt93", "2022-09-01 00:00", "velocita' angolare x", 758.1, "grado su secondo", false),
        ("gimt93", "2022-08-01 00:00", "velocita' angolare x", 38.21, "grado su secondo", false),
        ("gimt93", "2022-07-01 00:00", "velocita' angolare x", 458.52, "grado su secondo", false),
        ("gimt93", "2022-06-01 00:00", "velocita' angolare x", 201.44, "grado su secondo", false),
        ("gimt93", "2022-05-01 00:00", "velocita' angolare x", 398.59, "grado su secondo", false),
        ("gimu53", "2022-09-01 00:00", "velocita' angolare x", 60.03, "grado su secondo", false),
        ("gimu53", "2022-08-01 00:00", "velocita' angolare x", 775.52, "grado su secondo", false),
        ("gimu53", "2022-07-01 00:00", "velocita' angolare x", 247.82, "grado su secondo", false),
        ("gimu53", "2022-06-01 00:00", "velocita' angolare x", 680.79, "grado su secondo", false),
        ("gimu53", "2022-05-01 00:00", "velocita' angolare x", 115.11, "grado su secondo", false),
        ("gimt53", "2022-09-01 00:00", "velocita' angolare x", 180.08, "grado su secondo", false),
        ("gimt53", "2022-08-01 00:00", "velocita' angolare x", 726.26, "grado su secondo", false),
        ("gimt53", "2022-07-01 00:00", "velocita' angolare x", 604.95, "grado su secondo", false),
        ("gimt53", "2022-06-01 00:00", "velocita' angolare x", 779.68, "grado su secondo", false),
        ("gimt53", "2022-05-01 00:00", "velocita' angolare x", 590.93, "grado su secondo", false),
        ("gimu13", "2022-09-01 00:00", "velocita' angolare x", 104.41, "grado su secondo", false),
        ("gimu13", "2022-08-01 00:00", "velocita' angolare x", 65.12, "grado su secondo", false),
        ("gimu13", "2022-07-01 00:00", "velocita' angolare x", 584.09, "grado su secondo", false),
        ("gimu13", "2022-06-01 00:00", "velocita' angolare x", 205.69, "grado su secondo", false),
        ("gimu13", "2022-05-01 00:00", "velocita' angolare x", 658.35, "grado su secondo", false),
        ("gimu63", "2022-09-01 00:00", "velocita' angolare x", 102.98, "grado su secondo", false),
        ("gimu63", "2022-08-01 00:00", "velocita' angolare x", 562.16, "grado su secondo", false),
        ("gimu63", "2022-07-01 00:00", "velocita' angolare x", 645, "grado su secondo", false),
        ("gimu63", "2022-06-01 00:00", "velocita' angolare x", 420.5, "grado su secondo", false),
        ("gimu63", "2022-05-01 00:00", "velocita' angolare x", 41.84, "grado su secondo", false),
		("gimu53", "2022-10-02 12:53", "velocita' angolare x", 885.93, "grado su secondo", true),
        ("gimu13", "2020-10-28 19:45", "velocita' angolare x", 807.24, "grado su secondo", true),
        ("gimu13", "2019-09-04 09:33", "velocita' angolare x", 821.15, "grado su secondo", true),
        ("gimu13", "2022-01-29 16:24", "velocita' angolare x", 837.25, "grado su secondo", true),
        ("gimt93", "2022-10-12 07:31", "velocita' angolare x", 959.6, "grado su secondo", true),
        ("gimu63", "2022-09-07 05:23", "velocita' angolare x", 801.28, "grado su secondo", true),
        ("gimt53", "2018-01-23 21:34", "velocita' angolare x", 906.9, "grado su secondo", true),
        ("gimt53", "2018-01-24 04:18", "velocita' angolare x", 908.1, "grado su secondo", true),
        ("gimt61", "2021-04-03 11:34", "velocita' angolare x", 933.42, "grado su secondo", true),
        ("gimt43", "2021-06-10 10:05", "velocita' angolare x", 975.82, "grado su secondo", true),
        ("gimu21", "2020-07-10 02:39", "velocita' angolare x", 907.54, "grado su secondo", true),
        ("gimu21", "2019-09-20 10:42", "velocita' angolare x", 907.54, "grado su secondo", true),
        ("gimu13", "2017-12-23 16:15", "velocita' angolare x", 837.25, "grado su secondo", true),
        ("gimt11", "2019-07-31 09:24", "velocita' angolare x", 840.78, "grado su secondo", true),
        ("gimt61", "2018-03-09 13:29", "velocita' angolare x", 933.42, "grado su secondo", true),
        ("gimu63", "2018-10-28 05:46", "velocita' angolare x", 985.28, "grado su secondo", true),
        ("gimt53", "2022-01-08 16:43", "velocita' angolare x", 801.9, "grado su secondo", true),
        ("gimt61", "2019-03-28 13:59", "velocita' angolare x", 933.42, "grado su secondo", true),
        ("gimu13", "2017-08-27 10:22", "velocita' angolare x", 837.25, "grado su secondo", true),
        ("gimt93", "2018-07-11 08:02", "velocita' angolare x", 959.6, "grado su secondo", true),
        
		("gimt11", "2022-09-01 00:00", "velocita' angolare y", 321.92, "grado su secondo", false),
        ("gimt11", "2022-08-01 00:00", "velocita' angolare y", 609.13, "grado su secondo", false),
        ("gimt11", "2022-07-01 00:00", "velocita' angolare y", 758.21, "grado su secondo", false),
        ("gimt11", "2022-06-01 00:00", "velocita' angolare y", 38.84, "grado su secondo", false),
        ("gimt11", "2022-05-01 00:00", "velocita' angolare y", 51.5, "grado su secondo", false),
        ("gimt61", "2022-09-01 00:00", "velocita' angolare y", 747.66, "grado su secondo", false),
        ("gimt61", "2022-08-01 00:00", "velocita' angolare y", 42.88, "grado su secondo", false),
        ("gimt61", "2022-07-01 00:00", "velocita' angolare y", 76.42, "grado su secondo", false),
        ("gimt61", "2022-06-01 00:00", "velocita' angolare y", 110.28, "grado su secondo", false),
        ("gimt61", "2022-05-01 00:00", "velocita' angolare y", 360.66, "grado su secondo", false),
        ("gimu21", "2022-09-01 00:00", "velocita' angolare y", 330.58, "grado su secondo", false),
        ("gimu21", "2022-08-01 00:00", "velocita' angolare y", 257.74, "grado su secondo", false),
        ("gimu21", "2022-07-01 00:00", "velocita' angolare y", 234.98, "grado su secondo", false),
        ("gimu21", "2022-06-01 00:00", "velocita' angolare y", 776.73, "grado su secondo", false),
        ("gimu21", "2022-05-01 00:00", "velocita' angolare y", 230.74, "grado su secondo", false),
        ("gimt43", "2022-09-01 00:00", "velocita' angolare y", 732.21, "grado su secondo", false),
        ("gimt43", "2022-08-01 00:00", "velocita' angolare y", 132.54, "grado su secondo", false),
        ("gimt43", "2022-07-01 00:00", "velocita' angolare y", 360.42, "grado su secondo", false),
        ("gimt43", "2022-06-01 00:00", "velocita' angolare y", 225.66, "grado su secondo", false),
        ("gimt43", "2022-05-01 00:00", "velocita' angolare y", 637.26, "grado su secondo", false),
        ("gimt93", "2022-09-01 00:00", "velocita' angolare y", 140.66, "grado su secondo", false),
        ("gimt93", "2022-08-01 00:00", "velocita' angolare y", 709.85, "grado su secondo", false),
        ("gimt93", "2022-07-01 00:00", "velocita' angolare y", 696.38, "grado su secondo", false),
        ("gimt93", "2022-06-01 00:00", "velocita' angolare y", 464.04, "grado su secondo", false),
        ("gimt93", "2022-05-01 00:00", "velocita' angolare y", 201.08, "grado su secondo", false),
        ("gimu53", "2022-09-01 00:00", "velocita' angolare y", 762.04, "grado su secondo", false),
        ("gimu53", "2022-08-01 00:00", "velocita' angolare y", 99.24, "grado su secondo", false),
        ("gimu53", "2022-07-01 00:00", "velocita' angolare y", 258.01, "grado su secondo", false),
        ("gimu53", "2022-06-01 00:00", "velocita' angolare y", 441.96, "grado su secondo", false),
        ("gimu53", "2022-05-01 00:00", "velocita' angolare y", 131.71, "grado su secondo", false),
        ("gimt53", "2022-09-01 00:00", "velocita' angolare y", 75.43, "grado su secondo", false),
        ("gimt53", "2022-08-01 00:00", "velocita' angolare y", 180.88, "grado su secondo", false),
        ("gimt53", "2022-07-01 00:00", "velocita' angolare y", 515.92, "grado su secondo", false),
        ("gimt53", "2022-06-01 00:00", "velocita' angolare y", 12.82, "grado su secondo", false),
        ("gimt53", "2022-05-01 00:00", "velocita' angolare y", 55.28, "grado su secondo", false),
        ("gimu13", "2022-09-01 00:00", "velocita' angolare y", 102.8, "grado su secondo", false),
        ("gimu13", "2022-08-01 00:00", "velocita' angolare y", 538.91, "grado su secondo", false),
        ("gimu13", "2022-07-01 00:00", "velocita' angolare y", 439.02, "grado su secondo", false),
        ("gimu13", "2022-06-01 00:00", "velocita' angolare y", 128.69, "grado su secondo", false),
        ("gimu13", "2022-05-01 00:00", "velocita' angolare y", 524.28, "grado su secondo", false),
        ("gimu63", "2022-09-01 00:00", "velocita' angolare y", 102.83, "grado su secondo", false),
        ("gimu63", "2022-08-01 00:00", "velocita' angolare y", 636.62, "grado su secondo", false),
        ("gimu63", "2022-07-01 00:00", "velocita' angolare y", 311.88, "grado su secondo", false),
        ("gimu63", "2022-06-01 00:00", "velocita' angolare y", 258.91, "grado su secondo", false),
        ("gimu63", "2022-05-01 00:00", "velocita' angolare y", 743.69, "grado su secondo", false),
        ("gimu21", "2020-10-02 16:02", "velocita' angolare y", 998.55, "grado su secondo", true),
        ("gimu13", "2021-01-11 18:42", "velocita' angolare y", 836.7, "grado su secondo", true),
        ("gimu21", "2019-07-06 21:33", "velocita' angolare y", 998.55, "grado su secondo", true),
        ("gimt53", "2019-12-03 12:11", "velocita' angolare y", 993.89, "grado su secondo", true),
        ("gimu21", "2022-06-26 15:01", "velocita' angolare y", 998.55, "grado su secondo", true),
        ("gimu13", "2017-10-16 07:22", "velocita' angolare y", 836.7, "grado su secondo", true),
        ("gimu63", "2022-05-04 22:34", "velocita' angolare y", 963.43, "grado su secondo", true),
        ("gimu63", "2018-10-23 12:56", "velocita' angolare y", 960.30, "grado su secondo", true),
        ("gimu53", "2021-02-06 18:01", "velocita' angolare y", 874.94, "grado su secondo", true),
        ("gimt93", "2017-10-31 12:22", "velocita' angolare y", 937.84, "grado su secondo", true),
        ("gimu63", "2020-06-30 15:15", "velocita' angolare y", 963.43, "grado su secondo", true),
        ("gimu13", "2017-03-07 17:14", "velocita' angolare y", 836.7, "grado su secondo", true),
        ("gimu13", "2019-09-28 17:51", "velocita' angolare y", 836.7, "grado su secondo", true),
        ("gimt93", "2017-10-03 14:45", "velocita' angolare y", 937.84, "grado su secondo", true),
        ("gimu43", "2021-06-10 10:05", "velocita' angolare y", 963.43, "grado su secondo", true),
        ("gimu53", "2019-01-18 20:07", "velocita' angolare y", 874.94, "grado su secondo", true),
        ("gimu21", "2021-11-21 06:29", "velocita' angolare y", 998.55, "grado su secondo", true),
        ("gimt93", "2022-10-29 10:17", "velocita' angolare y", 937.84, "grado su secondo", true),
        ("gimu63", "2018-02-01 15:41", "velocita' angolare y", 963.43, "grado su secondo", true),
        ("gimt61", "2019-04-07 12:13", "velocita' angolare y", 992.84, "grado su secondo", true),
        
		("gimt11", "2022-09-01 00:00", "velocita' angolare z", 19.75, "grado su secondo", false),
        ("gimt11", "2022-08-01 00:00", "velocita' angolare z", 186.76, "grado su secondo", false),
        ("gimt11", "2022-07-01 00:00", "velocita' angolare z", 120.16, "grado su secondo", false),
        ("gimt11", "2022-06-01 00:00", "velocita' angolare z", 465.62, "grado su secondo", false),
        ("gimt11", "2022-05-01 00:00", "velocita' angolare z", 172.66, "grado su secondo", false),
        ("gimt61", "2022-09-01 00:00", "velocita' angolare z", 725.42, "grado su secondo", false),
        ("gimt61", "2022-08-01 00:00", "velocita' angolare z", 37.48, "grado su secondo", false),
        ("gimt61", "2022-07-01 00:00", "velocita' angolare z", 567.89, "grado su secondo", false),
        ("gimt61", "2022-06-01 00:00", "velocita' angolare z", 217.85, "grado su secondo", false),
        ("gimt61", "2022-05-01 00:00", "velocita' angolare z", 430.19, "grado su secondo", false),
        ("gimu21", "2022-09-01 00:00", "velocita' angolare z", 34.84, "grado su secondo", false),
        ("gimu21", "2022-08-01 00:00", "velocita' angolare z", 730.3, "grado su secondo", false),
        ("gimu21", "2022-07-01 00:00", "velocita' angolare z", 650.29, "grado su secondo", false),
        ("gimu21", "2022-06-01 00:00", "velocita' angolare z", 59.09, "grado su secondo", false),
        ("gimu21", "2022-05-01 00:00", "velocita' angolare z", 22.51, "grado su secondo", false),
        ("gimt43", "2022-09-01 00:00", "velocita' angolare z", 319.93, "grado su secondo", false),
        ("gimt43", "2022-08-01 00:00", "velocita' angolare z", 590.5, "grado su secondo", false),
        ("gimt43", "2022-07-01 00:00", "velocita' angolare z", 661.55, "grado su secondo", false),
        ("gimt43", "2022-06-01 00:00", "velocita' angolare z", 731.94, "grado su secondo", false),
        ("gimt43", "2022-05-01 00:00", "velocita' angolare z", 716.33, "grado su secondo", false),
        ("gimt93", "2022-09-01 00:00", "velocita' angolare z", 726.61, "grado su secondo", false),
        ("gimt93", "2022-08-01 00:00", "velocita' angolare z", 510.88, "grado su secondo", false),
        ("gimt93", "2022-07-01 00:00", "velocita' angolare z", 109.81, "grado su secondo", false),
        ("gimt93", "2022-06-01 00:00", "velocita' angolare z", 575.23, "grado su secondo", false),
        ("gimt93", "2022-05-01 00:00", "velocita' angolare z", 752.97, "grado su secondo", false),
        ("gimu53", "2022-09-01 00:00", "velocita' angolare z", 652.71, "grado su secondo", false),
        ("gimu53", "2022-08-01 00:00", "velocita' angolare z", 795.61, "grado su secondo", false),
        ("gimu53", "2022-07-01 00:00", "velocita' angolare z", 83.6, "grado su secondo", false),
        ("gimu53", "2022-06-01 00:00", "velocita' angolare z", 441.48, "grado su secondo", false),
        ("gimu53", "2022-05-01 00:00", "velocita' angolare z", 424.07, "grado su secondo", false),
        ("gimt53", "2022-09-01 00:00", "velocita' angolare z", 65.68, "grado su secondo", false),
        ("gimt53", "2022-08-01 00:00", "velocita' angolare z", 774.22, "grado su secondo", false),
        ("gimt53", "2022-07-01 00:00", "velocita' angolare z", 338.34, "grado su secondo", false),
        ("gimt53", "2022-06-01 00:00", "velocita' angolare z", 761.4, "grado su secondo", false),
        ("gimt53", "2022-05-01 00:00", "velocita' angolare z", 502.32, "grado su secondo", false),
        ("gimu13", "2022-09-01 00:00", "velocita' angolare z", 56.02, "grado su secondo", false),
        ("gimu13", "2022-08-01 00:00", "velocita' angolare z", 274, "grado su secondo", false),
        ("gimu13", "2022-07-01 00:00", "velocita' angolare z", 644.18, "grado su secondo", false),
        ("gimu13", "2022-06-01 00:00", "velocita' angolare z", 412.92, "grado su secondo", false),
        ("gimu13", "2022-05-01 00:00", "velocita' angolare z", 229.81, "grado su secondo", false),
        ("gimu63", "2022-09-01 00:00", "velocita' angolare z", 79.18, "grado su secondo", false),
        ("gimu63", "2022-08-01 00:00", "velocita' angolare z", 449.17, "grado su secondo", false),
        ("gimu63", "2022-07-01 00:00", "velocita' angolare z", 512.92, "grado su secondo", false),
        ("gimu63", "2022-06-01 00:00", "velocita' angolare z", 233.13, "grado su secondo", false),
        ("gimu63", "2022-05-01 00:00", "velocita' angolare z", 267.56, "grado su secondo", false),
        ("gimt11", "2022-06-18 16:54", "velocita' angolare z", 879.08, "grado su secondo", true),
        ("gimt53", "2018-03-10 15:54", "velocita' angolare z", 933.42, "grado su secondo", true),
        ("gimu53", "2022-01-31 17:19", "velocita' angolare z", 886.16, "grado su secondo", true),
        ("gimu21", "2020-03-24 01:54", "velocita' angolare z", 847.52, "grado su secondo", true),
        ("gimt53", "2017-05-13 15:17", "velocita' angolare z", 933.42, "grado su secondo", true),
        ("gimt53", "2017-08-22 23:41", "velocita' angolare z", 933.42, "grado su secondo", true),
        ("gimu21", "2018-10-16 01:36", "velocita' angolare z", 847.52, "grado su secondo", true),
        ("gimt53", "2017-04-27 20:34", "velocita' angolare z", 933.42, "grado su secondo", true),
        ("gimt61", "2019-04-07 12:13", "velocita' angolare z", 937.45, "grado su secondo", true),
        ("gimu53", "2017-10-30 02:43", "velocita' angolare z", 886.16, "grado su secondo", true),
        ("gimt11", "2021-02-06 20:44", "velocita' angolare z", 879.08, "grado su secondo", true),
        ("gimu13", "2022-10-17 15:29", "velocita' angolare z", 801.72, "grado su secondo", true),
        ("gimu53", "2020-07-27 04:00", "velocita' angolare z", 886.16, "grado su secondo", true),
        ("gimt61", "2020-06-09 08:38", "velocita' angolare z", 937.45, "grado su secondo", true),
        ("gimt11", "2017-02-24 10:31", "velocita' angolare z", 879.08, "grado su secondo", true),
        ("gimt61", "2021-09-16 09:25", "velocita' angolare z", 937.45, "grado su secondo", true),
        ("gimu63", "2020-11-21 11:31", "velocita' angolare z", 999.69, "grado su secondo", true),
        ("gimu13", "2021-02-13 02:20", "velocita' angolare z", 896.72, "grado su secondo", true),
        ("gimu53", "2018-10-14 05:19", "velocita' angolare z", 886.16, "grado su secondo", true),
        ("gimt43", "2021-06-10 10:05", "velocita' angolare z", 893.62, "grado su secondo", true),
	
		("pomt11", "2022-05-01 00:00", "spostamento murario", 3.12, "millimetro", false),
        ("pomt11", "2022-06-01 00:00", "spostamento murario", 5.11, "millimetro", false),
        ("pomt11", "2022-07-01 00:00", "spostamento murario", 6.13, "millimetro", false),
        ("pomt11", "2022-08-01 00:00", "spostamento murario", 7.37, "millimetro", false),
        ("pomt11", "2022-09-01 00:00", "spostamento murario", 9.99, "millimetro", false),
        ("pomt61", "2022-05-01 00:00", "spostamento murario", 3.63, "millimetro", false),
        ("pomt61", "2022-06-01 00:00", "spostamento murario", 4.24, "millimetro", false),
        ("pomt61", "2022-07-01 00:00", "spostamento murario", 5.11, "millimetro", false),
        ("pomt61", "2022-08-01 00:00", "spostamento murario", 8.85, "millimetro", false),
        ("pomt61", "2022-09-01 00:00", "spostamento murario", 9.99, "millimetro", false),
        ("pomu21", "2022-05-01 00:00", "spostamento murario", 2.09, "millimetro", false),
        ("pomu21", "2022-06-01 00:00", "spostamento murario", 3.98, "millimetro", false),
        ("pomu21", "2022-07-01 00:00", "spostamento murario", 4.85, "millimetro", false),
        ("pomu21", "2022-08-01 00:00", "spostamento murario", 5.62, "millimetro", false),
        ("pomu21", "2022-09-01 00:00", "spostamento murario", 9.85, "millimetro", false),
        ("pomt43", "2022-05-01 00:00", "spostamento murario", 2.64, "millimetro", false),
        ("pomt43", "2022-06-01 00:00", "spostamento murario", 3.92, "millimetro", false),
        ("pomt43", "2022-07-01 00:00", "spostamento murario", 4.28, "millimetro", false),
        ("pomt43", "2022-08-01 00:00", "spostamento murario", 7.2, "millimetro", false),
        ("pomt43", "2022-09-01 00:00", "spostamento murario", 9.51, "millimetro", false),
        ("pomt93", "2022-05-01 00:00", "spostamento murario", 3.27, "millimetro", false),
        ("pomt93", "2022-06-01 00:00", "spostamento murario", 4.39, "millimetro", false),
        ("pomt93", "2022-07-01 00:00", "spostamento murario", 5.82, "millimetro", false),
        ("pomt93", "2022-08-01 00:00", "spostamento murario", 8.35, "millimetro", false),
        ("pomt93", "2022-09-01 00:00", "spostamento murario", 9.94, "millimetro", false),
        ("pomu53", "2022-05-01 00:00", "spostamento murario", 1.21, "millimetro", false),
        ("pomu53", "2022-06-01 00:00", "spostamento murario", 5.7, "millimetro", false),
        ("pomu53", "2022-07-01 00:00", "spostamento murario", 7.47, "millimetro", false),
        ("pomu53", "2022-08-01 00:00", "spostamento murario", 8.8, "millimetro", false),
        ("pomu53", "2022-09-01 00:00", "spostamento murario", 9.24, "millimetro", false),
        ("pomt53", "2022-05-01 00:00", "spostamento murario", 4.83, "millimetro", false),
        ("pomt53", "2022-06-01 00:00", "spostamento murario", 5.87, "millimetro", false),
        ("pomt53", "2022-07-01 00:00", "spostamento murario", 6.44, "millimetro", false),
        ("pomt53", "2022-08-01 00:00", "spostamento murario", 7.65, "millimetro", false),
        ("pomt53", "2022-09-01 00:00", "spostamento murario", 8.87, "millimetro", false),
        ("pomu13", "2022-05-01 00:00", "spostamento murario", 5.93, "millimetro", false),
        ("pomu13", "2022-06-01 00:00", "spostamento murario", 6.63, "millimetro", false),
        ("pomu13", "2022-07-01 00:00", "spostamento murario", 7.44, "millimetro", false),
        ("pomu13", "2022-08-01 00:00", "spostamento murario", 7.77, "millimetro", false),
        ("pomu13", "2022-09-01 00:00", "spostamento murario", 8.37, "millimetro", false),
        ("pomu63", "2022-05-01 00:00", "spostamento murario", 5.31, "millimetro", false),
        ("pomu63", "2022-06-01 00:00", "spostamento murario", 5.35, "millimetro", false),
        ("pomu63", "2022-07-01 00:00", "spostamento murario", 5.85, "millimetro", false),
        ("pomu63", "2022-08-01 00:00", "spostamento murario", 6.36, "millimetro", false),
        ("pomu63", "2022-09-01 00:00", "spostamento murario", 7.24, "millimetro", false),
        
        ("pomt11", "2022-09-13 04:38", "spostamento murario", 19.42, "millimetro", true),
        ("pomt11", "2022-09-14 06:41", "spostamento murario", 19.83, "millimetro", true),
        ("pomt61", "2022-09-03 10:52", "spostamento murario", 16.28, "millimetro", true),
        ("pomt61", "2022-09-24 11:45", "spostamento murario", 18.83, "millimetro", true),
        ("pomu21", "2022-09-12 04:09", "spostamento murario", 15.44, "millimetro", true),
        ("pomu21", "2022-09-19 12:59", "spostamento murario", 16.15, "millimetro", true),
        ("pomt43", "2022-09-18 20:34", "spostamento murario", 11.96, "millimetro", true),
        ("pomt43", "2022-09-28 17:46", "spostamento murario", 18.83, "millimetro", true),
        ("pomt93", "2022-09-05 01:36", "spostamento murario", 11.28, "millimetro", true),
        ("pomt93", "2022-09-06 18:28", "spostamento murario", 19.42, "millimetro", true),
        ("pomu53", "2022-09-10 17:40", "spostamento murario", 10.42, "millimetro", true),
        ("pomu53", "2022-09-18 20:46", "spostamento murario", 11.62, "millimetro", true),
        ("pomt53", "2022-09-10 17:40", "spostamento murario", 10.42, "millimetro", true),
        ("pomt53", "2022-09-18 20:46", "spostamento murario", 10.62, "millimetro", true),
        ("pomu13", "2022-09-27 22:32", "spostamento murario", 10.62, "millimetro", true),
        ("pomu13", "2022-09-29 21:17", "spostamento murario", 11.76, "millimetro", true),
        ("pomu63", "2022-09-21 18:40", "spostamento murario", 11.18, "millimetro", true),
        ("pomu63", "2022-09-22 03:10", "spostamento murario", 12.83, "millimetro", true),
        
        
        ("pomt33", "2022-11-01 00:00", "spostamento murario", 19.76, "millimetro", true),
        ("pomt83", "2022-10-01 00:00", "spostamento murario", 8.18, "millimetro", false),
        ("pomu43", "2022-09-01 00:00", "spostamento murario", 16.83, "millimetro", true),
        
        ("pomt42", "2022-11-01 00:00", "spostamento murario", 16.67, "millimetro", true),
        ("pomt92", "2022-10-01 00:00", "spostamento murario", 18.18, "millimetro", true),
        ("pomu52", "2022-09-01 00:00", "spostamento murario", 17.13, "millimetro", true);
        
        
#-------------------------------- stato --------------------------------
set @@foreign_key_checks = 0; TRUNCATE TABLE stato; set @@foreign_key_checks = 1;

INSERT INTO stato(Data, EdificioIdentificativo, ParametriStrutturali, ParametriClimatici)
VALUES
		("2018-10-28 11:58", "aaaa1", "buono", "discreto"),
        ("2017-02-06 03:24", "aaaa1", "ottimo", "ottimo"),
        ("2019-02-15 09:37", "aaaa1","buono", "pessimo"),
        ("2017-06-26 21:17", "cccc7", "buono", "buono"),
        ("2018-12-05 22:57", "cccc7", "discreto", "discreto"),
        ("2019-02-21 08:09", "cccc7", "discreto", "discreto"),
        ("2017-03-30 08:51", "dddd3","ottimo", "ottimo"),
        ("2018-02-25 09:37", "dddd3", "ottimo", "ottimo"),
        ("2019-05-24 13:48", "dddd3", "buono", "ottimo");
        
        
#-------------------------------- danni --------------------------------
set @@foreign_key_checks = 0; TRUNCATE TABLE danni; set @@foreign_key_checks = 1;

INSERT INTO danni(Data, Edificio, Muratura, Infissi, Arredo)
VALUES
		("2017-02-22 12:28", "aaaa1", 0.05, 0.02, 0.01),
        ("2018-04-06 03:24", "cccc7", 0.30, 0.20, 0.10),
        ("2019-07-15 09:37", "dddd3", 0.15, 0.10, 0.05);
        
        
        
#-------------------------------- eventocalamitoso --------------------------------
set @@foreign_key_checks = 0; TRUNCATE TABLE eventocalamitoso; set @@foreign_key_checks = 1;

INSERT INTO eventocalamitoso(Genere, Datazione)
VALUES

		#sisma
		("sisma", "2020-11-21 11:31"),
        ("sisma", "2019-06-15 03:45"),
        ("sisma", "2018-11-28 11:58"),
        ("sisma", "2021-04-09 20:16"),
        #fuga di gas
        ("fuga di gas", "2019-04-07 12:13"),
        ("fuga di gas", "2021-06-10 10:05"),
        #alluvione
        ("alluvione", "2019-03-17 10:10"),
        ("alluvione", "2020-05-04 00:10"),
        #altro
        ("esplosione", "2019-07-31 09:24");
        
        
        

        
        
        
        
        
		
        